organization_id,converted,trial_start,converted_at,total_events,active_days,unique_activities,events_per_active_day,time_to_convert_days,used_scheduling,used_time_tracking,used_absence,used_communication,used_payroll,used_mobile_usage,module_breadth
0040dd9ab132b92d5d04bc3acf14d2e2,0,2024-03-27 10:11:39+00:00,,1004,11,14,91.27272727272727,,1,1,1,1,0,1,5
00456fd86311b6095ad05f7e31758f0d,0,2024-01-11 13:44:36+00:00,,6,1,4,6.0,,1,0,0,1,0,1,3
007d48a2bc006e6eac0348c788d26dfd,0,2024-03-16 22:58:07+00:00,,5,2,2,2.5,,0,1,0,0,0,1,2
00d6461845d0042b929379c263e9edef,0,2024-03-05 02:57:05+00:00,,2,1,2,2.0,,1,1,0,0,0,0,2
00d812389a3cffdbf014ba194cbe922e,0,2024-03-13 22:13:10+00:00,,586,21,6,27.904761904761905,,1,1,0,1,0,1,4
00f00e783ff21fd62404d10ced5cd45f,0,2024-03-25 20:43:51+00:00,,6,1,2,6.0,,1,0,0,0,0,0,1
014d8cdf08111d7442887a4704b47caa,0,2024-02-11 13:44:21+00:00,,14,1,2,14.0,,1,0,0,0,0,0,1
014f83e0deae3ac42041a126f1022974,1,2024-03-19 10:46:04+00:00,2024-04-12 10:48:32+00:00,166,5,4,33.2,24.001712962962962,1,0,0,1,0,0,2
01529adf420e4435846ac4603f2742de,0,2024-03-15 22:25:28+00:00,,2,1,1,2.0,,0,0,0,1,0,0,1
01546aab771c035a82fad535398ea828,0,2024-03-05 13:46:31+00:00,,52,3,11,17.333333333333332,,1,1,1,1,0,1,5
015f38565a692a85e2824e94926a12ef,1,2024-01-31 11:25:26+00:00,2024-02-24 11:39:05+00:00,2122,27,10,78.5925925925926,24.009479166666665,1,1,1,0,0,1,4
01637b3b7a0bbd7b12cbb48ae01e0566,0,2024-02-19 10:16:33+00:00,,2,2,2,1.0,,1,0,0,0,0,0,1
0169dad72560ef57cf45c60e7292ba09,0,2024-02-02 17:36:28+00:00,,29,1,2,29.0,,1,0,0,0,0,0,1
016d30d71ff7cb5287de6c2dc578b889,0,2024-02-25 10:51:59+00:00,,64,2,3,32.0,,1,0,0,0,0,0,1
017040c4e1ed4e79578a8c86c89ef6e9,0,2024-03-03 01:29:32+00:00,,1,1,1,1.0,,1,0,0,0,0,0,1
01842569c6942b80bce161f32bbfd53d,1,2024-03-12 17:33:23+00:00,2024-04-09 13:26:33+00:00,173,20,9,8.65,27.828587962962963,1,1,1,1,0,1,5
018df05a737bec235e219ef3a15e2dc2,0,2024-01-09 17:11:13+00:00,,15,1,2,15.0,,1,0,0,0,0,1,2
01b1e3fe399652a0ba89571e66e28ca5,0,2024-02-20 12:54:58+00:00,,1,1,1,1.0,,1,0,0,0,0,0,1
01bebb2d7ba153849b57477e476841c8,0,2024-03-25 14:26:40+00:00,,12,1,2,12.0,,1,0,0,0,0,0,1
01c797551fa75279d472dc09736e92d1,0,2024-01-11 21:13:58+00:00,,4,1,2,4.0,,1,0,0,0,0,1,2
01ec7118bdcdc09ada1647e6bd215f31,0,2024-01-31 10:10:00+00:00,,4,1,3,4.0,,1,0,0,0,0,0,1
01f5d8504faeac5ba7283bbb28e752c5,0,2024-01-13 02:24:20+00:00,,3,1,1,3.0,,0,0,0,0,0,1,1
01f72f7e769498606ab1cc67d4869793,1,2024-03-21 15:56:31+00:00,2024-05-10 13:51:28+00:00,196,10,5,19.6,49.913159722222225,1,0,0,0,0,1,2
021a7bf9da9474f132b76b4bafb9f3de,0,2024-01-12 23:10:00+00:00,,3,2,1,1.5,,1,0,0,0,0,0,1
0230aaa200a6c33b10c198297beb8478,1,2024-03-12 20:42:50+00:00,2024-04-03 20:55:19+00:00,209,9,8,23.22222222222222,22.00866898148148,1,0,0,1,0,1,3
024847dac7c181bcb49c774b053ef892,1,2024-01-25 11:29:35+00:00,2024-02-09 11:30:57+00:00,35,2,3,17.5,15.000949074074073,1,0,0,0,0,1,2
025bc08842ce8b8ea81b68ec6dcda4fe,0,2024-01-10 23:07:31+00:00,,4,1,1,4.0,,1,0,0,0,0,0,1
027d83bb7f1fc8937c6fcb03c211d29d,0,2024-03-10 23:17:25+00:00,,8,1,1,8.0,,0,0,0,0,0,1,1
028a1ac6516864ebe65ce5fb705a27b4,0,2024-03-25 12:06:34+00:00,,18,2,1,9.0,,0,0,0,0,0,1,1
029734f906ca5ce1dce0e8db457bb9f3,0,2024-03-06 01:38:57+00:00,,8,2,2,4.0,,1,0,0,0,0,0,1
02cb9bcda44cd09d79615be9f8d86e84,0,2024-02-02 16:55:43+00:00,,17,1,2,17.0,,1,0,0,0,0,1,2
02dd3b8ec96ffce6c17ac68469d4091e,0,2024-02-22 12:26:33+00:00,,2,1,1,2.0,,1,0,0,0,0,0,1
02f85cd75dc67001fc235d21b6647dce,0,2024-02-19 20:10:16+00:00,,1,1,1,1.0,,1,0,0,0,0,0,1
03129b37388dfb824491fb54aec77553,1,2024-01-11 12:24:36+00:00,2024-02-22 12:27:13+00:00,1,1,1,1.0,42.00181712962963,1,0,0,0,0,0,1
032261bf2a9eac16ae5f51ccdc989f74,0,2024-02-15 16:20:30+00:00,,1,1,1,1.0,,0,0,0,0,0,1,1
033a90a4d5e5c2c8ed356cc23de2b415,0,2024-01-11 17:24:12+00:00,,88,3,1,29.333333333333332,,1,0,0,0,0,0,1
0342e98329d26b09ae162f3542e441e8,0,2024-03-06 18:28:27+00:00,,1,1,1,1.0,,1,0,0,0,0,0,1
034f79f7c3872440005c658e9514781a,0,2024-02-27 19:36:39+00:00,,1,1,1,1.0,,0,0,0,0,0,1,1
035f1142866e6b454b4d69d360f06336,0,2024-03-17 19:30:30+00:00,,9,1,1,9.0,,1,0,0,0,0,0,1
03653197d6e61b80f0dde505483091fd,0,2024-03-13 12:49:09+00:00,,11,1,2,11.0,,1,0,0,0,0,0,1
0377f1bc47619bcdfd63a4e8f5e68692,0,2024-03-27 09:36:02+00:00,,1085,30,12,36.166666666666664,,1,1,0,1,0,1,4
0379cb8da8d974fb7c8e8e7796ea9aaf,0,2024-01-03 08:39:39+00:00,,286,19,6,15.052631578947368,,1,1,0,1,0,1,4
038a88273353c8e7451900f752770e5c,0,2024-02-29 22:09:03+00:00,,1,1,1,1.0,,1,0,0,0,0,0,1
038fa01ec2e98ec6966e2264cb960bc7,0,2024-02-09 11:45:29+00:00,,419,17,8,24.647058823529413,,1,0,0,0,1,1,3
039dbb881f0cabed1a145aa6b70e910d,0,2024-02-26 14:48:24+00:00,,8,2,3,4.0,,1,1,0,0,0,1,3
03a4ece463246ec43cc1e86364b463d3,0,2024-01-05 02:45:03+00:00,,532,16,6,33.25,,1,1,0,1,0,1,4
03add5df59d723dc3b22f30e0280fd1e,0,2024-03-01 00:13:22+00:00,,52,6,4,8.666666666666666,,1,1,0,0,0,1,3
03b9ad0cf5f7189b006b5e9e434a61ca,0,2024-02-03 08:50:54+00:00,,48,8,6,6.0,,1,1,0,0,0,1,3
03f1d05024023444cc47a879338832d1,0,2024-02-29 15:25:17+00:00,,17,3,1,5.666666666666667,,0,0,0,0,0,1,1
03f5b05fccdf685c1040367c49a93151,1,2024-03-09 21:48:05+00:00,2024-03-26 21:49:45+00:00,27,2,5,13.5,17.00115740740741,1,1,0,1,0,1,4
03f8bc579615bf7fa9f85107b158787b,0,2024-02-18 01:12:05+00:00,,53,2,6,26.5,,1,1,0,0,0,1,3
03fcb0ac9bde23aa61e6017c8748ebd0,0,2024-02-28 19:16:45+00:00,,9,2,3,4.5,,1,0,0,0,0,0,1
040b943351d36c0946fe7ac4386f31d3,0,2024-02-10 20:19:02+00:00,,7,1,3,7.0,,1,1,0,0,0,1,3
042d03dc1550ebfeabd34fa67469a883,0,2024-03-06 17:03:11+00:00,,17,1,1,17.0,,0,0,0,0,0,1,1
04577406210369010606496cd4964266,0,2024-01-23 00:22:32+00:00,,25,1,2,25.0,,1,0,0,0,0,0,1
046ab37c71da1bbf6629be3f5cc7a056,0,2024-03-13 14:15:09+00:00,,27,3,2,9.0,,0,0,0,1,0,1,2
047438204e8253344d9aedf8c2541b80,0,2024-01-06 19:27:15+00:00,,430,20,5,21.5,,1,1,0,0,0,1,3
0480f15c3a41ba7f04ddf1444932ed3e,0,2024-03-20 02:18:22+00:00,,1,1,1,1.0,,1,0,0,0,0,0,1
048707478eb408a1bab55d84e7173a73,0,2024-03-26 11:44:51+00:00,,7,1,1,7.0,,1,0,0,0,0,0,1
04933a9e72c45e5553c0d1dbf392a663,0,2024-01-11 00:45:00+00:00,,305,23,6,13.26086956521739,,1,1,0,0,0,1,3
0498909ff4f6548043d7d8c0954fc02d,0,2024-03-16 14:16:11+00:00,,14,1,2,14.0,,1,0,0,0,0,0,1
04b747a8d8b63d041e2d1c7eb1d8cb0d,0,2024-03-12 18:20:19+00:00,,19,4,2,4.75,,1,0,0,0,0,1,2
04ba871c8a6bda89a5ba741bef6cd6b1,0,2024-03-11 05:12:33+00:00,,12,1,2,12.0,,1,0,0,0,0,0,1
04c356f5c28a5be4e1dea4065437393e,1,2024-02-05 13:15:39+00:00,2024-03-01 13:41:25+00:00,4,1,2,4.0,25.01789351851852,0,1,0,0,0,1,2
04e2e1509ccf0a2bdaf1a965610037b1,1,2024-02-29 14:29:45+00:00,2024-04-04 14:35:23+00:00,2,1,1,2.0,35.00391203703704,0,0,0,0,0,1,1
0501a8c098811070031e15f6a47c2d58,0,2024-02-12 08:41:14+00:00,,15,1,1,15.0,,1,0,0,0,0,0,1
050cc3c94f84072546e224eba549335e,0,2024-03-17 09:24:47+00:00,,87,1,4,87.0,,1,0,0,1,0,1,3
050d94b79ba19b8c37dd1e45cb22a63f,0,2024-02-09 21:57:09+00:00,,1,1,1,1.0,,1,0,0,0,0,0,1
051974df6d8b59584abdcc4beae38c73,0,2024-03-30 21:01:15+00:00,,26,2,2,13.0,,1,0,0,0,0,0,1
051ecabc7b183607daa99fba9449c62d,0,2024-02-02 21:00:26+00:00,,2,1,1,2.0,,1,0,0,0,0,0,1
052ecd6e8fe7c04ad626c070c47aa7e8,0,2024-01-15 18:41:54+00:00,,14,1,1,14.0,,1,0,0,0,0,0,1
0572da7e7e99bd58dbd863701bb78728,0,2024-02-21 05:08:50+00:00,,72,1,2,72.0,,1,0,0,0,0,0,1
0588b52f2df79a1d8a5de80a572a06a1,1,2024-01-18 21:51:54+00:00,2024-02-11 21:55:05+00:00,2,1,1,2.0,24.002210648148147,1,0,0,0,0,0,1
058fd32791e87b313be975cfd94ef7f7,1,2024-01-12 14:23:17+00:00,2024-02-17 11:18:35+00:00,18,16,2,1.125,35.87173611111111,0,1,0,0,0,1,2
059f2702fd1dbf5ca8c39f26811b5571,0,2024-01-22 10:51:38+00:00,,8,1,2,8.0,,1,0,0,0,0,0,1
05a9e9bb64b24fe6e66e8936b4ed168d,0,2024-01-23 12:39:45+00:00,,41,1,3,41.0,,1,0,0,0,0,0,1
05bf1cb809d017a5f66f779dceca4872,0,2024-01-08 09:40:56+00:00,,74,4,3,18.5,,1,0,0,0,0,0,1
05c7dd78a740a557a3d8712fa28650a6,1,2024-02-26 17:01:45+00:00,2024-04-09 17:04:15+00:00,1101,30,11,36.7,43.001736111111114,1,1,0,1,0,1,4
05f200e52ae2f1bc627ced5f0b7e1f0c,0,2024-02-12 03:13:40+00:00,,2,1,1,2.0,,1,0,0,0,0,0,1
05f38cbe1b7073b25c97b3cb46dfc721,0,2024-01-15 15:59:56+00:00,,619,22,7,28.136363636363637,,1,1,0,1,0,1,4
06181595fb8190647f6f6194dafddc34,1,2024-02-25 15:15:01+00:00,2024-04-04 15:25:04+00:00,760,30,10,25.333333333333332,39.00697916666667,1,1,1,1,0,1,5
061dcdf2d0c8a567ad83821607a9228f,0,2024-02-23 18:09:11+00:00,,1,1,1,1.0,,1,0,0,0,0,0,1
062cbc5c605bd8cc1b50901da4e49ab2,1,2024-02-20 18:51:16+00:00,2024-03-22 19:00:53+00:00,1,1,1,1.0,31.00667824074074,1,0,0,0,0,0,1
063d9cafbfa0b73e46de8f2d5470d532,0,2024-01-05 14:06:35+00:00,,7,1,1,7.0,,1,0,0,0,0,0,1
067fc9c8d8d15b80ca775a1d9433cb48,0,2024-03-07 12:55:52+00:00,,156,8,8,19.5,,1,1,0,1,0,1,4
069a5cad862b09d703a176c81f69b64c,0,2024-03-19 11:44:40+00:00,,1,1,1,1.0,,1,0,0,0,0,0,1
069db4b4f7a2ff656567bf713ba25578,0,2024-02-14 01:05:10+00:00,,3,2,1,1.5,,1,0,0,0,0,0,1
06c79ae895222750e7a72ee8db76d334,0,2024-02-03 17:32:44+00:00,,34,3,5,11.333333333333334,,1,1,0,0,0,1,3
06f45508348572a691abedb8f0414813,0,2024-02-23 22:11:58+00:00,,1,1,1,1.0,,1,0,0,0,0,0,1
06f82f64982653b60a465b33525115b8,0,2024-02-08 16:00:58+00:00,,18,1,1,18.0,,0,0,0,0,0,1,1
0704c4ac7c1d3bbf3c1dd7af4349d458,0,2024-01-09 17:28:58+00:00,,55,4,5,13.75,,1,1,0,1,0,1,4
0709aa2d5ca70a5f68254919a66f1241,0,2024-02-27 14:43:38+00:00,,2,1,1,2.0,,1,0,0,0,0,0,1
07111a5c581f9a2a36ecea9cfefa8bdd,0,2024-02-11 12:57:26+00:00,,585,26,8,22.5,,1,1,0,0,0,1,3
072463c6e1f2f4dfa7b3fc8b8662c60d,1,2024-02-05 17:20:05+00:00,2024-02-22 17:21:22+00:00,6,1,2,6.0,17.000891203703702,1,0,0,0,0,0,1
072eecac0f6db90300649ef2b1d16686,0,2024-03-12 19:26:19+00:00,,3,1,1,3.0,,1,0,0,0,0,0,1
0737d8ac8eccd484ba29db13677704f8,0,2024-03-19 12:57:33+00:00,,488,15,9,32.53333333333333,,1,1,0,1,0,1,4
0752928bd25afda76d4d54ee702e80d4,0,2024-01-02 09:37:14+00:00,,111,19,5,5.842105263157895,,1,1,0,0,0,1,3
07581e3ee4f1cdc16b8252420bf75ebe,0,2024-01-17 15:04:43+00:00,,5,1,3,5.0,,1,0,0,0,0,0,1
0798c7f01da45605f6241f40d160e76a,0,2024-03-10 19:52:56+00:00,,112,1,1,112.0,,1,0,0,0,0,0,1
07c5029c6c9ab5734f55e85539c24790,1,2024-02-16 12:30:49+00:00,2024-03-12 12:34:58+00:00,1,1,1,1.0,25.002881944444443,1,0,0,0,0,0,1
07c5ea59df3322b8608f712b3a505d0e,0,2024-03-25 11:18:15+00:00,,15,2,4,7.5,,1,0,0,1,0,0,2
07cbecdb3b2f9310e69824a41847e9e2,0,2024-03-10 18:34:01+00:00,,5,1,4,5.0,,1,1,0,0,0,1,3
07d022553d1cb1d1f310790ddfa4dc6a,0,2024-03-11 18:26:04+00:00,,1,1,1,1.0,,0,0,0,0,0,1,1
07d381ded546eca6102b09475eeabbd5,0,2024-03-25 16:32:28+00:00,,1,1,1,1.0,,1,0,0,0,0,0,1
0822fd89d7aa326ab1a6dd2e45e5e2ef,0,2024-02-27 09:26:43+00:00,,948,26,8,36.46153846153846,,1,1,0,1,0,1,4
082729967bf9702911c3970d2c1a719a,0,2024-03-25 01:45:58+00:00,,14,1,3,14.0,,1,1,0,0,0,1,3
0838a99aad9435b6664bf78ec5dddd63,0,2024-03-22 17:28:50+00:00,,11,2,1,5.5,,1,0,0,0,0,0,1
084cf2abea31616abcb483e2fc6bae22,0,2024-01-02 04:39:05+00:00,,1,1,1,1.0,,1,0,0,0,0,0,1
084d35205967ab43060ad80310eb6631,0,2024-01-24 17:05:08+00:00,,1,1,1,1.0,,1,0,0,0,0,0,1
0894a3826cb391f294318eabfc50be04,1,2024-02-02 09:14:27+00:00,2024-02-25 09:16:29+00:00,24,1,4,24.0,23.00141203703704,1,1,0,0,0,1,3
08d60b97d27008e51fd64ad4b4411a60,0,2024-02-17 13:55:53+00:00,,127,5,4,25.4,,1,0,0,0,0,1,2
08dcc9ef767b45322037182a3ac9e9d2,0,2024-03-09 05:32:48+00:00,,18,2,4,9.0,,1,0,0,1,0,1,3
08e60afb4c04b4d96069c17605dfa3ba,0,2024-02-27 11:23:17+00:00,,9,1,1,9.0,,1,0,0,0,0,0,1
08fbf41b4ab025919457d94ba2dd2fcc,0,2024-01-10 17:42:57+00:00,,3,1,2,3.0,,1,0,0,0,0,1,2
08fc0ee1849dc9565ed46d22c88e4603,0,2024-02-09 10:11:56+00:00,,3,1,2,3.0,,1,0,0,0,0,0,1
092b14f16e4ba0c8afc8407d2056cec8,1,2024-02-27 18:50:12+00:00,2024-03-26 18:53:43+00:00,1,1,1,1.0,28.002442129629628,1,0,0,0,0,0,1
092b40c43e1fd5939accfbb61e3aac66,0,2024-02-01 04:01:18+00:00,,4,1,2,4.0,,1,0,0,0,0,0,1
0932b4cb995a689aa81a7c5b2a1f3951,0,2024-03-24 23:18:40+00:00,,2,1,1,2.0,,0,0,0,0,0,1,1
0933f24bca10e4f42f6fccc3fb6ed7cc,0,2024-02-04 15:41:38+00:00,,1,1,1,1.0,,1,0,0,0,0,0,1
093bf2982c112a1061bfe47cb4f36713,0,2024-01-30 23:18:41+00:00,,63,1,2,63.0,,1,0,0,0,0,1,2
095e179deeea5ae46e58fb8062537902,0,2024-03-16 13:16:29+00:00,,2,1,1,2.0,,1,0,0,0,0,0,1
09650ea100599f6fd05f8efa64abc29f,0,2024-03-25 09:20:42+00:00,,2,1,2,2.0,,1,0,0,1,0,0,2
099d431e236217a2206e886f8a847cf0,0,2024-02-01 11:31:26+00:00,,1,1,1,1.0,,1,0,0,0,0,0,1
099fa4c271eb8c62d719cb2f9bf91170,0,2024-02-23 00:38:54+00:00,,1,1,1,1.0,,1,0,0,0,0,0,1
09b91c1fbafb66fc641981bf7d3f7218,0,2024-02-05 15:03:22+00:00,,4,1,2,4.0,,1,0,0,0,0,1,2
09df60a1dd40f10fbf6d6cb93d802762,0,2024-02-05 17:46:27+00:00,,4,1,1,4.0,,0,0,0,0,0,1,1
09e012977a8717d1b6d12eaaeed69d32,0,2024-03-15 00:46:05+00:00,,25,3,5,8.333333333333334,,1,0,1,1,0,0,3
0a072ebd3ac0e04aacd02f70556315f7,0,2024-03-09 05:32:58+00:00,,28,2,1,14.0,,1,0,0,0,0,0,1
0a16f800f51db8fb0dad810c09ce97c0,0,2024-03-12 21:27:44+00:00,,1,1,1,1.0,,1,0,0,0,0,0,1
0a59ef3b1b4682ab41378a4f3711e08f,0,2024-02-14 15:28:24+00:00,,41,1,2,41.0,,1,0,0,0,0,0,1
0a66fcc931ed49d70c044c880b506dd0,0,2024-01-19 22:39:09+00:00,,37,3,3,12.333333333333334,,1,0,0,0,0,1,2
0a671d8a4307a826360323f3bb919c1d,0,2024-01-20 23:51:46+00:00,,13,1,3,13.0,,1,1,0,0,0,1,3
0a797e3ce11a082771947d7ab8ef7be5,0,2024-01-17 11:37:50+00:00,,5,1,1,5.0,,1,0,0,0,0,0,1
0a7b67d0a01c8ee850d7ab4d13a12852,0,2024-02-12 10:21:21+00:00,,4,1,1,4.0,,0,0,0,0,0,1,1
0aa433bfc1ba709da4c5036081616741,0,2024-02-11 14:05:23+00:00,,6,1,2,6.0,,1,0,0,0,0,0,1
0aa55431ab1e5c0e054e3294e7a5fe57,0,2024-01-27 11:05:39+00:00,,9,2,2,4.5,,1,0,0,0,0,1,2
0aaa42aaf56c6c9195baeb6db5929532,0,2024-02-13 22:08:15+00:00,,47,2,3,23.5,,1,1,0,0,0,1,3
0aad4af4ad7c03f0a839ddeaa70e7c68,0,2024-02-23 21:55:54+00:00,,271,21,6,12.904761904761905,,1,1,0,1,0,1,4
0ad95b803b227a85a297fde00866fa31,1,2024-01-11 09:12:35+00:00,2024-02-16 10:08:08+00:00,2,1,2,2.0,36.03857638888889,1,0,0,0,0,0,1
0ae2610f63d08817a7761d246465b5ac,0,2024-02-27 11:19:51+00:00,,11,1,1,11.0,,0,0,0,0,0,1,1
0b01c69d57925e395405e8cbf2bb638d,1,2024-03-28 12:16:14+00:00,2024-05-03 12:17:26+00:00,1,1,1,1.0,36.00083333333333,1,0,0,0,0,0,1
0b042037f9bc78d25ea17aa9d0efb772,0,2024-03-25 20:43:07+00:00,,1,1,1,1.0,,1,0,0,0,0,0,1
0b092b06694f39b64d9ab41817397cae,1,2024-03-17 21:18:59+00:00,2024-04-16 21:23:13+00:00,3,1,2,3.0,30.002939814814816,1,0,0,0,0,1,2
0b09b796e6f4f892d53af598bb92b98d,0,2024-02-20 08:56:14+00:00,,3,2,1,1.5,,1,0,0,0,0,0,1
0b22ee6a8ec8156a0b22706b22df4795,0,2024-02-18 09:13:30+00:00,,3,1,2,3.0,,1,0,0,0,0,0,1
0b335fc68dde4bcb7ada1c650888e686,0,2024-02-16 13:12:26+00:00,,15,1,1,15.0,,1,0,0,0,0,0,1
0b41b4e5981f058b0c5079088fc38859,0,2024-01-23 18:22:34+00:00,,1,1,1,1.0,,1,0,0,0,0,0,1
0b425a2d338936d433e24ec013e5675a,0,2024-03-02 09:42:24+00:00,,24,1,2,24.0,,1,0,0,0,0,0,1
0b43e2062db7744e4cd9c09a0244edd6,1,2024-02-01 22:44:08+00:00,2024-03-05 22:46:42+00:00,2,1,2,2.0,33.001782407407404,1,0,0,0,0,0,1
0b476ccbd29b464d8448826d476c1c0b,0,2024-01-12 06:15:16+00:00,,2,1,2,2.0,,1,0,0,0,0,0,1
0b8764c3d925af4e95f207cf6e5a888d,0,2024-01-03 19:01:27+00:00,,695,27,5,25.74074074074074,,1,1,0,0,0,1,3
0b892b79d2c7bdc8fcc52f390a36f732,0,2024-01-31 07:43:32+00:00,,3,2,2,1.5,,0,1,0,0,0,1,2
0b8d093aaee65086eddf1ab822293e14,0,2024-01-16 20:24:51+00:00,,3,1,2,3.0,,0,1,0,0,0,1,2
0bcb9252413ba85887ef209b6c292eb0,0,2024-03-20 10:59:45+00:00,,1,1,1,1.0,,1,0,0,0,0,0,1
0bf770e4cf7da296ba6feaf769746eb8,0,2024-02-07 15:02:35+00:00,,451,7,5,64.42857142857143,,1,0,0,0,0,1,2
0c0810592139c3a4b6518b3565493da5,0,2024-03-03 15:12:07+00:00,,11,1,1,11.0,,1,0,0,0,0,0,1
0c73999cca3a664c4adefbd45c3f1cd2,0,2024-02-18 06:32:10+00:00,,106,1,3,106.0,,1,0,0,0,0,0,1
0c8b2b22cad0d69afd36b11b3b530836,0,2024-01-03 11:39:36+00:00,,18,1,4,18.0,,1,0,0,0,0,0,1
0c943c2aee6fa4fbba787697314cd23e,0,2024-03-20 22:25:36+00:00,,7,1,2,7.0,,1,0,0,0,0,1,2
0ca1c7d9af13be594bff054fa96daaa8,0,2024-01-14 20:41:04+00:00,,15,6,1,2.5,,0,0,0,0,0,1,1
0ca62ec25aabad5bea29bbebea918c2c,0,2024-01-11 02:21:27+00:00,,2,1,2,2.0,,1,0,0,0,0,1,2
0cc48d0871978ff0238c9b7c437d7b4b,1,2024-01-08 13:54:42+00:00,2024-02-14 13:57:36+00:00,1,1,1,1.0,37.00201388888889,1,0,0,0,0,0,1
0cca95c422a98097f0f9d199ec771d02,0,2024-01-21 03:15:50+00:00,,48,1,2,48.0,,1,0,0,0,0,0,1
0ce2616f3f9252750be158d56841f541,0,2024-01-17 02:44:24+00:00,,1,1,1,1.0,,0,0,0,1,0,0,1
0ce381fdcf5145f0a9178610e6e866f7,0,2024-03-22 06:13:43+00:00,,3,1,2,3.0,,1,0,0,0,0,0,1
0cf97f60d41f9541a845d32906633447,1,2024-02-26 09:10:13+00:00,2024-04-08 09:12:45+00:00,12,1,2,12.0,42.00175925925926,1,0,0,0,0,0,1
0cfe1e780ddcd3b97c9c9e6f5f41c686,0,2024-01-30 01:11:21+00:00,,10,2,2,5.0,,1,0,0,0,0,1,2
0d02bb2571648071ed7e0be7e704ebef,1,2024-03-01 13:25:15+00:00,2024-04-04 13:27:51+00:00,18,1,2,18.0,34.001805555555556,1,0,0,0,0,0,1
0d2464dfb8a6619faaa6c28e3c6186d2,0,2024-01-06 20:08:02+00:00,,2,1,1,2.0,,1,0,0,0,0,0,1
0d2be3642dea6a1e57c536d270eac202,1,2024-01-23 13:47:24+00:00,2024-03-28 13:33:13+00:00,50,4,5,12.5,64.99015046296296,1,0,0,0,0,1,2
0d3460d11dbf97c4f00524a4fede775e,0,2024-02-20 15:37:49+00:00,,1,1,1,1.0,,1,0,0,0,0,0,1
0d37e73ce69de372958e303d9752aaea,0,2024-01-02 05:26:12+00:00,,767,28,6,27.392857142857142,,1,1,0,0,0,1,3
0d6d2333636566ab49dd1509ba4ea82a,0,2024-02-18 15:10:06+00:00,,1,1,1,1.0,,1,0,0,0,0,0,1
0d8da9666ef8de42203dad43ee5c6388,1,2024-02-02 12:59:37+00:00,2024-03-01 13:05:53+00:00,188,28,9,6.714285714285714,28.00435185185185,1,1,1,0,0,1,4
0dbd9289b44cf0f458ede03b08f7b280,0,2024-01-11 15:22:30+00:00,,1,1,1,1.0,,1,0,0,0,0,0,1
0dbf285e3044094e4d546bb6ce8fb181,1,2024-02-07 14:30:28+00:00,2024-03-07 14:35:17+00:00,88,19,5,4.631578947368421,29.003344907407406,1,1,0,1,0,1,4
0defb38f3dd9d412e4baefadc45e0984,0,2024-03-27 22:41:01+00:00,,1,1,1,1.0,,1,0,0,0,0,0,1
0df55ae43f9a05203eb8f9356e014799,1,2024-01-24 13:24:16+00:00,2024-02-25 13:29:52+00:00,72,3,3,24.0,32.00388888888889,1,0,1,0,0,0,2
0e003968e5493d035064be465392719d,0,2024-03-19 13:01:08+00:00,,31,1,4,31.0,,1,0,0,1,0,0,2
0e3967e0198461885e5d86bc25c01a15,0,2024-02-22 13:26:30+00:00,,411,22,10,18.681818181818183,,1,1,0,1,0,1,4
0e3de494720a7e5dee53e067e15dc7b7,0,2024-03-07 00:40:04+00:00,,26,2,1,13.0,,0,0,0,0,0,1,1
0e8695b47e6179a9f1e6fe42a0d54342,0,2024-03-16 00:59:57+00:00,,397,22,9,18.045454545454547,,1,1,0,1,0,1,4
0ebcaff284573eced9beb87aedc5df98,0,2024-03-12 21:36:24+00:00,,9,1,3,9.0,,1,0,0,0,0,1,2
0ebf7b6cf6e9f299726b0b2bea8c30f2,1,2024-02-06 09:21:33+00:00,2024-03-12 09:24:00+00:00,2,1,1,2.0,35.00170138888889,1,0,0,0,0,0,1
0ed2bf9e0a8819cf5eb1a3e2cf2c70fb,0,2024-03-10 14:37:34+00:00,,1,1,1,1.0,,0,0,0,0,0,1,1
0ed61b6dd923e3eb61bcc083368009a1,0,2024-02-01 16:40:50+00:00,,11,1,2,11.0,,1,0,0,0,0,0,1
0f05b831cf50ea1165a0d04cdd71fb0c,0,2024-03-22 17:46:39+00:00,,891,21,14,42.42857142857143,,1,1,1,1,0,1,5
0f165ca8934c0e012f037d3c9f444c1b,0,2024-03-09 15:43:05+00:00,,18,1,3,18.0,,1,0,0,0,0,0,1
0f374fde22e14f199f41eb85df0e0820,1,2024-03-07 17:24:39+00:00,2024-04-04 17:34:41+00:00,1,1,1,1.0,28.00696759259259,1,0,0,0,0,0,1
0fe70647414fd8a6a14c010374ee2314,0,2024-01-22 20:13:27+00:00,,141,5,6,28.2,,1,0,1,0,0,1,3
0ff11c836bda88e014f8cae8f639f40e,0,2024-02-11 23:32:11+00:00,,473,25,4,18.92,,1,1,0,0,0,1,3
0fff60d7e748b38f454960a8f94d5879,0,2024-01-24 16:03:00+00:00,,32,2,4,16.0,,1,1,0,0,0,1,3
100694c6e2da58817eec144b7faed022,0,2024-01-24 19:01:29+00:00,,2,1,1,2.0,,1,0,0,0,0,0,1
102a8ffba698894f78141e7cf9ef54ed,1,2024-02-16 00:13:11+00:00,2024-03-12 00:21:44+00:00,2,1,2,2.0,25.0059375,1,0,0,0,0,1,2
10445441ae4352735871b5c8a1350e14,0,2024-03-01 01:36:53+00:00,,15,1,1,15.0,,1,0,0,0,0,0,1
1071edfc892911f72636f444fba820d8,0,2024-02-28 18:31:29+00:00,,12,1,1,12.0,,0,0,0,0,0,1,1
107d0609379d68e9bdd119c9946a17ac,0,2024-02-18 16:57:14+00:00,,3,1,1,3.0,,1,0,0,0,0,0,1
1084c5d38f89364064989dfc3a46042d,0,2024-02-26 17:32:15+00:00,,160,8,4,20.0,,1,0,0,0,0,1,2
10c973112cdb060c58dd25ebf9b6b99c,0,2024-03-25 21:02:19+00:00,,1,1,1,1.0,,1,0,0,0,0,0,1
10fafd8edc2d00cea3808597f562020c,0,2024-02-17 14:49:44+00:00,,133,6,5,22.166666666666668,,1,0,0,0,0,1,2
115dea2941c3b5ea5c80d9febd4534fb,0,2024-02-13 22:35:17+00:00,,2,1,1,2.0,,1,0,0,0,0,0,1
116bcb6cea55b48cab680f040f3c6801,1,2024-01-10 21:46:48+00:00,2024-02-22 21:49:06+00:00,2,1,1,2.0,43.00159722222222,1,0,0,0,0,0,1
117776cff05b37a547e96b6f7054d746,0,2024-02-21 14:41:04+00:00,,239,18,5,13.277777777777779,,1,0,0,1,0,1,3
1180777060691d7c9eacb7b97f6c86e5,1,2024-02-21 16:21:16+00:00,2024-03-30 16:24:55+00:00,10,1,1,10.0,38.00253472222222,1,0,0,0,0,0,1
118ef17cd522046bfd1cef1b034cd6d1,0,2024-02-20 15:07:21+00:00,,2,1,1,2.0,,1,0,0,0,0,0,1
11cd5f3f8f80de504b1cecd35b75c3a9,0,2024-01-09 09:47:25+00:00,,4,1,1,4.0,,1,0,0,0,0,0,1
11d1f31b01938d970d14eeef05b52707,0,2024-03-06 13:01:39+00:00,,1,1,1,1.0,,1,0,0,0,0,0,1
11d58706814c10631552d477a23fc28d,1,2024-03-05 12:13:05+00:00,2024-03-30 12:20:35+00:00,3,1,2,3.0,25.005208333333332,1,0,0,0,0,0,1
11d5ea1d6883d3ee8ea5b8dac6d697d2,0,2024-01-09 13:57:58+00:00,,1,1,1,1.0,,0,0,0,0,0,1,1
11d7d50f4e3781bbe44154d9f4cce6ea,0,2024-02-01 07:54:51+00:00,,1,1,1,1.0,,1,0,0,0,0,0,1
11e61b4a5c93f2b7448fb9fe17c8ce85,0,2024-02-04 20:04:10+00:00,,187,1,3,187.0,,1,0,0,0,0,1,2
11e6675ce1d232980d09880057d66a8b,0,2024-02-06 10:17:11+00:00,,8,2,3,4.0,,1,1,0,0,0,1,3
122a0bce59c47a7d5f6e7da4e7ba38bc,0,2024-01-20 17:23:26+00:00,,4,1,1,4.0,,0,0,0,1,0,0,1
1263c05b349b53f4e6df2fd8cfc60e6f,0,2024-02-13 03:56:44+00:00,,1,1,1,1.0,,0,0,0,0,0,1,1
1272c4aa282ca3a349f163564d8cc97c,0,2024-01-23 21:48:23+00:00,,28,2,2,14.0,,1,0,0,0,0,1,2
1279bfcdb5e7799cd2e1e51d6dbabe91,1,2024-02-06 13:37:01+00:00,2024-03-14 13:40:33+00:00,6,1,1,6.0,37.0024537037037,1,0,0,0,0,0,1
127fba3ac06f26994937d9e13cae3753,1,2024-01-21 10:13:56+00:00,2024-03-05 10:17:57+00:00,54,1,2,54.0,44.00278935185185,1,0,0,0,0,0,1
128a03366af7351689069354e647895d,1,2024-03-16 22:41:16+00:00,2024-04-21 22:43:21+00:00,6,1,4,6.0,36.00144675925926,1,0,0,1,0,0,2
12cad8f0d207e677e18df1177804f417,1,2024-02-23 07:29:53+00:00,2024-03-25 07:39:41+00:00,17,1,2,17.0,31.006805555555555,1,0,0,0,0,0,1
12d70131a26c2fd4022aea91db5aaa66,0,2024-01-04 19:10:58+00:00,,6,1,2,6.0,,1,0,0,0,0,0,1
12e5d7b5bf806ab505f3e6e801d25919,1,2024-01-23 14:41:44+00:00,2024-02-14 14:55:32+00:00,143,3,4,47.666666666666664,22.00958333333333,1,1,0,0,0,1,3
12e74517300ea7e5cd56b43efed6508c,0,2024-01-05 23:39:51+00:00,,3,1,1,3.0,,0,0,0,0,0,1,1
12ed7b7e84363bcfb31778d69276693b,1,2024-01-01 19:04:31+00:00,2024-02-08 18:43:26+00:00,6,3,2,2.0,37.985358796296296,1,0,0,0,0,0,1
12f991e963c8821a0bf961ed50dcd122,0,2024-02-03 13:55:49+00:00,,2,1,1,2.0,,0,0,0,0,0,1,1
1306bdc9a5713828a932af80cf959621,1,2024-02-08 17:16:16+00:00,2024-03-13 17:20:55+00:00,10,1,3,10.0,34.003229166666664,1,0,0,0,0,1,2
131990da1b9c86904ba70826fd348642,0,2024-01-15 23:30:08+00:00,,9,1,2,9.0,,1,0,0,0,0,1,2
132d8f8cabba5c8326708f1f6f9b8d35,0,2024-01-26 16:40:45+00:00,,310,11,4,28.181818181818183,,1,1,0,0,0,1,3
13525c006ccf2884038e21de65d36c0b,0,2024-01-04 13:41:03+00:00,,46,1,2,46.0,,1,0,0,0,0,0,1
1358a214520fbf428bb48ee189076ef6,1,2024-02-13 14:25:10+00:00,2024-03-28 15:47:03+00:00,46,4,8,11.5,44.056863425925926,1,1,1,1,0,0,4
13649e4fa1260648d6782dc18a95f8d5,0,2024-01-21 04:02:51+00:00,,3,1,3,3.0,,1,0,0,0,0,0,1
13778ba63482570c7f71f8f126ad24f1,0,2024-01-28 21:35:33+00:00,,1383,30,5,46.1,,1,1,0,0,0,1,3
1386ea50077967b765f708d90c811af5,0,2024-03-14 23:00:56+00:00,,7,1,1,7.0,,0,0,0,1,0,0,1
1398c4833f2d9402fcb98cd2982b75d6,0,2024-02-26 17:33:54+00:00,,9,1,2,9.0,,1,0,0,0,0,0,1
13b26ebbf7219e24156dcaef5c3529bb,0,2024-02-17 09:58:33+00:00,,1,1,1,1.0,,1,0,0,0,0,0,1
13b69a5a22f20ec834a2870c937ba433,0,2024-01-22 23:46:17+00:00,,1694,21,9,80.66666666666667,,1,1,0,0,1,1,4
13cc5b410c03ebf963f5ad5cdc428eea,0,2024-01-24 21:49:26+00:00,,18,1,4,18.0,,1,1,0,0,0,1,3
14015e45a67d636523a139ea69dd0a4f,0,2024-03-20 08:44:19+00:00,,20,2,4,10.0,,1,1,0,0,0,1,3
1409bd2aef5cc00bcb5167d30f6aaa67,1,2024-03-04 16:43:44+00:00,2024-04-04 16:45:11+00:00,1,1,1,1.0,31.001006944444445,1,0,0,0,0,0,1
140a2d7a8a5ed691d2e14c358bcc696c,0,2024-03-07 16:10:34+00:00,,13,1,1,13.0,,1,0,0,0,0,0,1
1426c516be1c148f0c61300585009a50,1,2024-03-13 21:31:40+00:00,2024-04-08 21:36:24+00:00,12,1,3,12.0,26.003287037037037,1,1,0,0,0,1,3
144980b77ba3b1909b47767637d36c8e,0,2024-01-27 15:19:14+00:00,,9,2,2,4.5,,1,0,0,0,0,1,2
146a6b5398abf0b3c64eba782827393b,0,2024-01-06 14:29:11+00:00,,52,2,4,26.0,,1,0,0,0,0,0,1
146ad256085c8d43a9b5895adc970588,0,2024-01-23 13:25:10+00:00,,2,1,2,2.0,,1,0,0,0,0,0,1
14a0041edbb68db25cc8616a3e4dd101,0,2024-02-27 04:53:06+00:00,,229,21,6,10.904761904761905,,1,1,0,1,0,1,4
14a7cf7e7b5c20d8a06f08449491b96d,0,2024-02-26 06:06:47+00:00,,7,1,1,7.0,,1,0,0,0,0,0,1
14bf8030659356e89ca8a5f602abfed7,1,2024-02-03 20:12:21+00:00,2024-02-17 20:30:06+00:00,1,1,1,1.0,14.012326388888889,1,0,0,0,0,0,1
14db7e693b94f40856ec958665010901,0,2024-01-28 15:20:06+00:00,,1,1,1,1.0,,1,0,0,0,0,0,1
14e25bd3637773c0ee106cb9b23c8f68,0,2024-02-05 19:18:16+00:00,,5,1,1,5.0,,1,0,0,0,0,0,1
150dd4bcd844cb515c6fce46588bb382,0,2024-02-28 10:51:55+00:00,,23,3,2,7.666666666666667,,1,0,0,0,0,1,2
15235f794590f27642e149e0a895c1d4,0,2024-03-18 10:22:24+00:00,,10,1,3,10.0,,1,0,0,1,0,0,2
1534ecb5a4432e5e4cbf5afc6130e287,0,2024-01-04 17:08:28+00:00,,723,26,9,27.807692307692307,,1,1,1,1,0,1,5
154647fa6ad39ad1ea4dd6bdfd273679,0,2024-02-17 14:19:45+00:00,,984,18,10,54.666666666666664,,1,1,1,0,0,1,4
155c2ad89c0596065f80aca1133f8f1d,0,2024-03-17 19:53:25+00:00,,3,1,2,3.0,,1,0,0,0,0,1,2
156709300e03f232a657c8e10632ffe4,0,2024-01-25 19:02:00+00:00,,2,1,1,2.0,,1,0,0,0,0,0,1
1569fdb463b78bc11c0276a4bc989189,0,2024-02-07 02:04:06+00:00,,7,1,2,7.0,,1,0,0,0,0,1,2
156e8fd102c92e5a04aa948c4917b747,1,2024-03-10 14:00:25+00:00,2024-04-11 14:02:07+00:00,4,1,2,4.0,32.00118055555556,1,0,0,0,0,0,1
1580a0b6393fd7aafadfac175313e289,1,2024-01-03 16:23:58+00:00,2024-01-29 16:26:00+00:00,3,1,1,3.0,26.00141203703704,1,0,0,0,0,0,1
15c65326a4c4dc52634e92fb2a768333,0,2024-03-24 11:32:21+00:00,,2,1,1,2.0,,1,0,0,0,0,0,1
15cd3541984c0ad0c93cdc64e8fd1e8a,0,2024-02-28 10:13:33+00:00,,2,1,1,2.0,,1,0,0,0,0,0,1
15fb76069f30418460f0b8787b12cbca,0,2024-02-16 18:30:38+00:00,,40,2,4,20.0,,1,0,0,0,0,1,2
16060cc053f4867e9e8875de8f23d62e,0,2024-03-21 00:58:45+00:00,,46,1,2,46.0,,1,0,0,0,0,0,1
162d34af4a436a52b5b54899c06cb04d,1,2024-02-01 06:35:01+00:00,2024-03-10 06:37:22+00:00,1,1,1,1.0,38.00163194444445,1,0,0,0,0,0,1
1649d437531b551c061b25a2f2b98fd7,1,2024-03-01 16:34:52+00:00,2024-04-10 16:38:21+00:00,2,1,1,2.0,40.00241898148148,1,0,0,0,0,0,1
164c6720de3ff62c43a3691eb7ff164c,0,2024-01-29 12:30:37+00:00,,522,26,4,20.076923076923077,,1,0,0,0,0,1,2
165aabc65ee37cad125607e6c29bb8c0,0,2024-01-18 20:19:01+00:00,,3,1,1,3.0,,1,0,0,0,0,0,1
168af11fc96d54fb37e372c9d6ac9016,0,2024-01-07 15:22:17+00:00,,982,27,8,36.370370370370374,,1,1,1,1,0,1,5
168d7c77eaa722076012770204a14c0d,0,2024-03-15 16:52:57+00:00,,5,1,2,5.0,,1,0,0,1,0,0,2
1699cd3b9b22acc19c5d557e5ef596d2,0,2024-03-13 10:39:46+00:00,,1,1,1,1.0,,1,0,0,0,0,0,1
16b5565f26fddafbf090f3208c4472b2,0,2024-01-09 17:00:52+00:00,,3,1,1,3.0,,1,0,0,0,0,0,1
16b6ce1ff9554faf8f9f7118bfd7271a,0,2024-02-08 16:12:30+00:00,,14,1,3,14.0,,1,1,0,0,0,1,3
16d9b6424678086773c9c92b029a5f51,0,2024-02-11 13:09:53+00:00,,2,1,1,2.0,,1,0,0,0,0,0,1
16f6e10939ae01a81e10232fbe506bcc,0,2024-02-29 18:19:59+00:00,,9,1,2,9.0,,1,0,0,0,0,1,2
170752f8898bd7366e8be55577f989d2,1,2024-01-12 13:03:20+00:00,2024-02-14 13:09:11+00:00,1338,21,8,63.714285714285715,33.0040625,1,1,0,0,0,1,3
1739bf008c42299848b601d9eb6010d7,0,2024-03-28 06:29:31+00:00,,6,1,1,6.0,,1,0,0,0,0,0,1
173a6ebc76c01379fd74fd5fddc94ff4,0,2024-02-06 10:36:46+00:00,,220,3,4,73.33333333333333,,1,0,0,0,0,0,1
17486251d1f60378aaa47c7028872e48,0,2024-01-25 20:48:13+00:00,,6,1,2,6.0,,1,0,0,0,0,0,1
17554b5f4766ed78b999010cc1c0119d,1,2024-03-27 18:01:14+00:00,2024-05-03 18:03:27+00:00,1,1,1,1.0,37.001539351851854,1,0,0,0,0,0,1
1759d5e0784ca6aa32b3d61f8418ee70,0,2024-01-25 09:19:37+00:00,,7,1,1,7.0,,1,0,0,0,0,0,1
175d781521cd94c043b67bee7a7839be,0,2024-01-30 04:47:30+00:00,,1,1,1,1.0,,1,0,0,0,0,0,1
1769e18438ad69e1b5c89e153e16cba5,0,2024-02-15 15:46:38+00:00,,183,16,3,11.4375,,1,1,0,0,0,1,3
176b6b29e690185d9de6b6dbf7490ccb,0,2024-01-21 20:19:44+00:00,,1,1,1,1.0,,1,0,0,0,0,0,1
177520757aa6e0a4f0bfc9be0b096e7b,0,2024-02-26 09:18:15+00:00,,5,1,2,5.0,,1,0,0,0,0,1,2
177e545194d330b2170b3cad48a0257f,1,2024-03-10 03:12:48+00:00,2024-04-20 03:14:36+00:00,5,1,2,5.0,41.00125,1,0,0,0,0,1,2
1781007f3dbd01dd7af32990d8d7114c,0,2024-01-31 07:18:52+00:00,,1,1,1,1.0,,1,0,0,0,0,0,1
178b6ee7f39bfb7e3a6150f2e0bc2683,1,2024-01-22 12:43:53+00:00,2024-02-28 12:48:38+00:00,1,1,1,1.0,37.00329861111111,1,0,0,0,0,0,1
17a981f07e4885f63c604028d29b0d57,0,2024-03-06 02:46:22+00:00,,14,1,2,14.0,,1,0,0,0,0,1,2
17ac337413ec01489ebdb48e9f8b4451,0,2024-01-26 09:22:37+00:00,,1,1,1,1.0,,1,0,0,0,0,0,1
17b1640beaeea58e359203746d1be695,1,2024-03-05 19:50:35+00:00,2024-03-21 19:52:40+00:00,1,1,1,1.0,16.00144675925926,1,0,0,0,0,0,1
17b714b62c9a0a2317b063eec659368f,1,2024-01-28 18:42:41+00:00,2024-02-14 20:39:02+00:00,18,2,3,9.0,17.08079861111111,1,0,0,0,0,0,1
17d325a49ed1290a09c8f3d04a860fd3,0,2024-03-20 23:07:10+00:00,,18,2,1,9.0,,1,0,0,0,0,0,1
17ec6610db2a4b16a34852d8a86aa165,0,2024-03-13 10:00:21+00:00,,164,12,5,13.666666666666666,,1,1,0,1,0,1,4
17f21a709599972f399bb7659dd05996,1,2024-01-09 10:46:18+00:00,2024-02-14 15:48:34+00:00,440,23,10,19.130434782608695,36.20990740740741,1,1,0,1,0,1,4
18104d3eed788ca3ad2a9fd8aa2a53b0,1,2024-01-30 21:54:44+00:00,2024-03-05 21:59:44+00:00,21,1,3,21.0,35.00347222222222,1,0,0,0,0,0,1
18215f811c4a5b0400a14c9b82ad979d,1,2024-01-13 07:30:40+00:00,2024-02-15 00:15:10+00:00,2,2,1,1.0,32.69756944444445,0,0,0,0,0,1,1
18585f67c156e3d522f024ec0a23b68a,0,2024-02-04 14:19:46+00:00,,1,1,1,1.0,,1,0,0,0,0,0,1
187c07046ea89c730f520fa75a08e349,0,2024-01-09 01:16:02+00:00,,265,15,7,17.666666666666668,,1,1,0,1,1,1,5
188cfbafcd625a1e1b93884a9327f5e4,0,2024-03-26 09:17:18+00:00,,7,3,2,2.3333333333333335,,1,0,0,0,0,0,1
189c924fca3a7029ea610e188e8a668e,0,2024-03-28 12:28:56+00:00,,78,13,4,6.0,,1,0,0,1,0,0,2
18a89ef0a8901b1213be467839ab772a,0,2024-03-19 20:57:06+00:00,,581,13,10,44.69230769230769,,1,1,0,1,0,1,4
18a8ca222933895a4bfbb9485836a751,0,2024-01-24 15:23:25+00:00,,1,1,1,1.0,,1,0,0,0,0,0,1
18d7437b422bab47b65e8f4179954c0a,0,2024-02-17 11:14:32+00:00,,1,1,1,1.0,,1,0,0,0,0,0,1
18e9b772744c011b02413abdb3cb3569,0,2024-03-06 13:47:01+00:00,,5,1,1,5.0,,1,0,0,0,0,0,1
19253296a7202756ec5a73a9d9541f2b,0,2024-03-08 19:42:35+00:00,,6,1,1,6.0,,0,0,0,0,0,1,1
192b2a3ab31280085131b901a23c27ac,0,2024-01-25 16:45:25+00:00,,10,1,3,10.0,,1,1,0,0,0,1,3
194722c85ffbebeeb2f7e202982f16ba,0,2024-02-08 16:20:36+00:00,,4,1,3,4.0,,1,0,0,0,0,0,1
19c1ad731d2bc374820461f9a5ba7fed,0,2024-02-21 17:33:14+00:00,,4,1,1,4.0,,1,0,0,0,0,0,1
19c2dc50f6ccd7e464f1a710b1356ae4,0,2024-01-31 21:46:45+00:00,,3,2,1,1.5,,1,0,0,0,0,0,1
19c38b1b7495779f97524483e58679b1,0,2024-02-11 21:24:49+00:00,,6,1,2,6.0,,1,0,0,0,0,1,2
19c5f6cc03354378757319c7215a4543,0,2024-02-08 16:37:18+00:00,,6,1,3,6.0,,1,0,0,0,0,0,1
19d0e12ad650e76b1044118dd21ab5ba,0,2024-03-30 04:29:33+00:00,,2,1,1,2.0,,1,0,0,0,0,0,1
19db988a236e3529c71355c79550c341,0,2024-03-15 10:33:50+00:00,,88,1,4,88.0,,1,1,0,0,0,1,3
19ebcfeff96af26e609fdbace1c56abe,0,2024-01-25 19:34:41+00:00,,16,2,3,8.0,,1,1,0,0,0,1,3
19ee48f85a318c184e23e0d0b2a9a503,0,2024-01-12 07:32:13+00:00,,76,5,6,15.2,,1,1,0,1,1,1,5
19feca9314c2010acf2420bbe582234a,0,2024-01-17 21:51:28+00:00,,15,11,3,1.3636363636363635,,1,1,0,0,0,1,3
1a04133628339b48ec08dff40acc29ae,0,2024-01-10 16:27:13+00:00,,2,2,1,1.0,,0,0,0,0,0,1,1
1a10cc977479b2226a5358ff13f0687a,1,2024-01-25 12:15:16+00:00,2024-02-24 11:06:03+00:00,60,2,2,30.0,29.95193287037037,1,0,0,0,0,0,1
1a15d89307d9bf15c6dff54902250b04,0,2024-03-24 04:20:53+00:00,,8,1,2,8.0,,1,0,0,0,0,1,2
1a1689740e3e03c10962db72b3e148f5,0,2024-03-14 00:28:36+00:00,,3,1,1,3.0,,1,0,0,0,0,0,1
1a1ffaf6d1444aad83637aba91a5554b,1,2024-02-28 07:16:32+00:00,2024-03-28 07:36:07+00:00,2,1,2,2.0,29.013599537037038,1,0,0,0,0,0,1
1a220a292104ae82c528dfac41a9cc29,1,2024-01-02 20:20:02+00:00,2024-01-26 20:35:33+00:00,424,21,5,20.19047619047619,24.010775462962965,1,1,0,0,0,1,3
1a664791c657fe4109cefed667098c4b,1,2024-03-15 12:53:33+00:00,2024-04-18 12:59:03+00:00,34,1,1,34.0,34.003819444444446,1,0,0,0,0,0,1
1a73d8e8db156b8f1fc734d14e3ca42c,0,2024-03-25 16:59:12+00:00,,77,2,2,38.5,,1,0,0,0,0,1,2
1a78b358ae2a2d638676ad90ef76203f,1,2024-03-20 12:19:09+00:00,2024-04-11 12:26:05+00:00,5,1,1,5.0,22.004814814814814,1,0,0,0,0,0,1
1a7b1d3b931fb22628521b74815d947e,0,2024-02-20 03:52:52+00:00,,15,1,1,15.0,,1,0,0,0,0,0,1
1a7eb35340696c1bf42adb6bc1e9af62,0,2024-02-19 14:15:17+00:00,,17,1,1,17.0,,1,0,0,0,0,0,1
1a8b5147799e2be4ea659a37f82f2e60,0,2024-03-11 20:04:13+00:00,,1994,30,15,66.46666666666667,,1,1,1,1,1,1,6
1a8b884ecf75e62173f8cfc2d693218f,0,2024-03-16 16:17:53+00:00,,6,1,2,6.0,,1,0,0,0,0,0,1
1a97a5c3e26b204d1fd9ce42e90f33f9,0,2024-03-28 13:51:07+00:00,,31,1,3,31.0,,1,0,0,0,0,0,1
1aa19170400130817b213e41d92f9f40,0,2024-01-17 11:57:00+00:00,,1151,28,7,41.107142857142854,,1,1,0,1,0,1,4
1aa674f21b506118a37daa03c6922c6d,0,2024-03-04 18:10:50+00:00,,8,1,2,8.0,,0,1,0,0,0,1,2
1ad06dc5ccdd8129ace2b65f7e0f3755,1,2024-02-09 12:42:09+00:00,2024-03-11 12:54:47+00:00,123,15,6,8.2,31.008773148148148,1,1,0,0,0,1,3
1add047ab17c02be93d83168af47d559,0,2024-03-26 12:10:28+00:00,,6,1,2,6.0,,1,0,0,0,0,0,1
1aea6141c8897216051617be81c27c3e,0,2024-03-11 22:03:26+00:00,,533,16,10,33.3125,,1,1,0,1,0,1,4
1afae86dc2ea31d6c23dcfacaaa5cdad,0,2024-03-12 21:08:55+00:00,,45,1,3,45.0,,1,1,0,0,0,1,3
1afe29d531511019317eaf2367d1cded,0,2024-02-08 19:37:30+00:00,,14,1,2,14.0,,1,0,0,0,0,1,2
1b25b92f9423141f15c337cda618d6bd,0,2024-01-21 16:01:58+00:00,,107,1,2,107.0,,1,0,0,0,0,0,1
1b3a1cd9e052a09b8110bc8cbfdf5cb7,0,2024-02-25 17:07:19+00:00,,134,8,4,16.75,,1,0,0,0,0,1,2
1b3fbdb9ca7c59018d7d0559806c302b,0,2024-03-03 13:58:38+00:00,,1,1,1,1.0,,1,0,0,0,0,0,1
1b4a8585f41f8a40a2c0dff154fd503d,0,2024-02-19 09:50:11+00:00,,12,1,2,12.0,,1,0,0,0,0,0,1
1b683fc2ce4b036cac0112e4c361731a,0,2024-01-23 17:13:09+00:00,,17,1,2,17.0,,1,0,0,0,0,0,1
1b6a5694832461f9dc3749716e5047fd,1,2024-02-01 09:39:59+00:00,2024-03-01 04:48:26+00:00,4,1,1,4.0,28.797534722222224,1,0,0,0,0,0,1
1b7bbdc9c7ff3bdc7601077241874578,0,2024-03-22 00:13:13+00:00,,53,5,2,10.6,,1,0,0,0,0,1,2
1bae3e5dbf14173a578e2f81e8e4d0aa,0,2024-01-11 02:28:38+00:00,,28,1,2,28.0,,1,0,0,0,0,0,1
1be10b234e672e5610a6b5460aa926c9,0,2024-01-07 11:40:01+00:00,,969,30,8,32.3,,1,1,1,1,0,1,5
1bec71c3d5362650327dc4efdd70a7af,0,2024-02-05 09:09:21+00:00,,2,1,1,2.0,,1,0,0,0,0,0,1
1beeac077c1a0a75c7bc1be6b3306957,0,2024-01-23 20:19:39+00:00,,6,1,2,6.0,,1,0,0,0,0,0,1
1bef5917eb3adc401e4df93e1f9340a5,1,2024-01-13 14:18:13+00:00,2024-02-08 14:25:41+00:00,7,2,1,3.5,26.005185185185184,1,0,0,0,0,0,1
1c4e13b1f022160628c4d68197eab978,0,2024-01-12 03:59:04+00:00,,1,1,1,1.0,,1,0,0,0,0,0,1
1c912497b8998483152f3d672cf82f9c,0,2024-03-11 11:12:08+00:00,,6,1,1,6.0,,1,0,0,0,0,0,1
1c99e421b28c6e2068c6bd83d150bf7e,0,2024-03-08 02:15:53+00:00,,13,1,2,13.0,,1,0,0,0,0,1,2
1ca01c7c9e027360c1e30f66a509716c,0,2024-03-18 20:54:05+00:00,,372,11,11,33.81818181818182,,1,1,0,1,0,1,4
1cb0b4dc51ae3575f0c12c512b9d68c2,0,2024-03-30 11:55:09+00:00,,1,1,1,1.0,,1,0,0,0,0,0,1
1cdd72935a56cf47dcc65c5ca473632b,0,2024-02-16 11:42:45+00:00,,1,1,1,1.0,,1,0,0,0,0,0,1
1ce883bfcaf30c387698f8a00ce065f9,0,2024-03-04 09:12:29+00:00,,11,1,2,11.0,,1,0,0,0,0,0,1
1d059d633fd0d96d19ee2849c058d664,1,2024-03-15 16:55:21+00:00,2024-04-16 19:39:33+00:00,176,14,12,12.571428571428571,32.11402777777778,1,1,0,1,0,1,4
1d18fed87cc60f8c2a5e4c2cc3196382,0,2024-01-28 17:19:41+00:00,,2,1,1,2.0,,0,0,0,0,0,1,1
1d1e3259f391eb91a214be14bc37316a,0,2024-03-19 21:17:01+00:00,,32,2,2,16.0,,1,0,0,0,0,0,1
1d4c83a11e4071bf422aaf0b90f886ca,1,2024-01-05 17:07:13+00:00,2024-01-30 17:10:32+00:00,5,1,1,5.0,25.00230324074074,1,0,0,0,0,0,1
1d62cf4e0d71d862045d7dc454d2f4fc,0,2024-03-11 20:35:47+00:00,,1,1,1,1.0,,1,0,0,0,0,0,1
1d9e91ad23aa9ad0f383d65354d1abf8,0,2024-01-31 11:08:56+00:00,,94,1,2,94.0,,1,0,0,0,0,0,1
1dbd4b829de8b7a02db6dfb789a4bc97,1,2024-02-03 11:25:29+00:00,2024-03-01 11:29:01+00:00,1,1,1,1.0,27.002453703703704,1,0,0,0,0,0,1
1dd8a738ef7bab6fc8b68dd470d8edd3,0,2024-03-04 23:21:17+00:00,,1,1,1,1.0,,0,0,0,0,0,1,1
1ddf212bed2d888fe5ed5395c5dadb36,1,2024-03-11 22:46:42+00:00,2024-04-11 22:49:06+00:00,1,1,1,1.0,31.001666666666665,0,0,0,0,0,1,1
1decbac9b4d62746ab3456f080fc459f,0,2024-03-22 06:10:07+00:00,,18,2,2,9.0,,1,0,0,0,0,1,2
1e06f241d63d030ec793a077a001d6c9,0,2024-01-02 18:05:08+00:00,,14,2,3,7.0,,1,0,0,0,0,1,2
1e53443ed16090738d6dfa7d7ad59fb2,0,2024-01-07 09:35:57+00:00,,5,1,1,5.0,,0,0,0,1,0,0,1
1e5a1d2f46a852ab907a44ecafa1f342,0,2024-02-14 12:12:42+00:00,,34,2,4,17.0,,1,0,0,0,0,0,1
1e762a15d7ef671e991af982abf80727,1,2024-02-07 09:32:12+00:00,2024-03-05 15:59:10+00:00,32,2,1,16.0,27.268726851851852,1,0,0,0,0,0,1
1e7a8c10331acec7b5274de6db148887,0,2024-01-21 04:49:19+00:00,,124,16,6,7.75,,1,1,0,0,1,1,4
1e881e7d6d23ffbbe9533250c701bcf6,0,2024-02-06 06:24:45+00:00,,2,2,1,1.0,,0,0,0,0,0,1,1
1e8d05791f502591c4c12e93f7f0a96a,0,2024-02-04 03:43:41+00:00,,18,2,3,9.0,,1,0,0,0,0,1,2
1ea66f9d2d4ee46921cf149a0e3b41fa,0,2024-03-05 15:57:40+00:00,,2,1,2,2.0,,1,0,0,0,0,0,1
1eafec7905849c007793584113a4bd0f,0,2024-02-27 15:54:08+00:00,,1,1,1,1.0,,0,0,0,0,0,1,1
1ec2acc9a28ce091a5ba7789e863c1f6,1,2024-03-18 18:06:30+00:00,2024-04-30 18:21:53+00:00,2,1,1,2.0,43.01068287037037,1,0,0,0,0,0,1
1ec8daca510142881b276689d1687eed,0,2024-01-30 14:39:34+00:00,,250,12,3,20.833333333333332,,1,1,0,0,0,1,3
1ed155daa8cc4fc9cfa0154bfaf8c886,1,2024-02-19 23:00:06+00:00,2024-03-16 23:06:07+00:00,2,1,1,2.0,26.004178240740742,0,0,0,0,0,1,1
1ed57d35fd8eba96d5a48a2e6e31c52c,0,2024-01-23 23:16:11+00:00,,32,2,4,16.0,,1,0,0,0,0,0,1
1ee14bd8cb7bdf52d89a12780fea3fce,0,2024-02-10 12:14:16+00:00,,4,1,1,4.0,,1,0,0,0,0,0,1
1eea5f07fcb641dccfe51cc2341a66b0,0,2024-01-01 20:56:33+00:00,,2814,30,7,93.8,,1,1,0,1,0,1,4
1eeeb8a0ebf42b3e3cb49bb13f20e1c6,0,2024-02-26 14:53:14+00:00,,5,1,2,5.0,,1,0,0,0,0,0,1
1ef6adc7e9245e35da160a89a426895e,0,2024-01-02 12:39:32+00:00,,2034,30,5,67.8,,1,1,0,1,0,1,4
1efa6c7a731399cfad95298b5df7e014,0,2024-02-20 02:04:16+00:00,,1,1,1,1.0,,0,0,0,0,0,1,1
1f14124d04ee5a2802bf34c67bc54c27,0,2024-03-05 15:54:09+00:00,,371,27,6,13.74074074074074,,1,0,0,1,0,1,3
1f3202ad62ccb9602198d3a4f6fff90d,1,2024-02-26 18:39:19+00:00,2024-04-07 18:46:23+00:00,31,6,2,5.166666666666667,41.00490740740741,1,0,0,0,0,1,2
1f39643c254eb4a5d1a22d3531f9c644,0,2024-01-15 13:09:09+00:00,,1,1,1,1.0,,1,0,0,0,0,0,1
1f5491c083bc8cb4191d7eb3a15143ec,0,2024-01-15 11:40:34+00:00,,287,24,7,11.958333333333334,,1,1,0,1,0,1,4
1f58f41c7f8ecec31e9d02665d717b5b,1,2024-02-25 20:13:44+00:00,2024-04-08 20:19:47+00:00,5,1,2,5.0,43.00420138888889,1,0,0,0,0,0,1
1f645229e51d07ef0ee5c028842a880c,1,2024-03-10 17:39:31+00:00,2024-04-03 17:42:10+00:00,422,9,3,46.888888888888886,24.001840277777777,1,0,0,1,0,1,3
1f7436581b74c1c48b6aeae2a673cc45,0,2024-03-28 21:57:16+00:00,,1,1,1,1.0,,1,0,0,0,0,0,1
1f82fb105c837ec2ba62894d1a83ee29,0,2024-02-21 14:16:44+00:00,,130,2,5,65.0,,1,0,0,0,0,1,2
1f8aebbfdbc381d83e6d9276ee93f4af,1,2024-02-21 15:19:30+00:00,2024-03-09 15:23:15+00:00,12,1,1,12.0,17.002604166666668,1,0,0,0,0,0,1
20018b8013d7bff350cb78f1190cc965,1,2024-03-07 12:16:41+00:00,2024-03-26 12:22:39+00:00,2,1,1,2.0,19.004143518518518,1,0,0,0,0,0,1
200895fa4b3caa5a7668cdf746d8f9fb,0,2024-03-06 13:28:57+00:00,,11,1,1,11.0,,1,0,0,0,0,0,1
201891438e131d7b6d0898f8cca7272c,1,2024-02-29 12:23:29+00:00,2024-03-17 12:26:51+00:00,711,11,5,64.63636363636364,17.00233796296296,1,0,0,1,0,1,3
201cac0f23f2e4e3546332b4a54627d2,0,2024-01-07 22:57:06+00:00,,2,1,1,2.0,,0,0,0,0,0,1,1
201ec1972bb3ff3d690ea6dd16323f90,0,2024-02-16 18:47:09+00:00,,56,9,2,6.222222222222222,,1,0,0,0,0,1,2
201fdb4da861b1dca42349721f58f789,0,2024-01-18 14:04:38+00:00,,3,1,1,3.0,,1,0,0,0,0,0,1
202126d40b02c1d3afef7e9c4be21a4e,0,2024-01-30 23:09:54+00:00,,356,23,8,15.478260869565217,,1,1,1,0,0,1,4
2030015472b322c5134035b517e2d2b7,0,2024-02-04 12:34:21+00:00,,4,1,1,4.0,,1,0,0,0,0,0,1
2048f27233f469a2242dd1444979719f,0,2024-02-20 11:55:38+00:00,,27,1,3,27.0,,1,1,0,0,0,1,3
2057756339f07f6899cc65973532f96f,1,2024-01-30 13:46:37+00:00,2024-02-26 13:31:02+00:00,15,5,5,3.0,26.989178240740742,1,1,0,0,0,1,3
20747686585fc557b657e67626fbf300,0,2024-03-29 12:41:01+00:00,,3,1,2,3.0,,1,0,0,0,0,0,1
207e9cd9fe854b71c7d88568f2a479d8,1,2024-01-04 20:18:47+00:00,2024-02-04 20:21:07+00:00,3,1,1,3.0,31.00162037037037,0,0,0,0,0,1,1
207ea9930ab65d3d886a5983db31823c,0,2024-02-08 14:38:44+00:00,,358,10,4,35.8,,1,0,0,0,0,0,1
2083ce6101fc8559bfcf399e9c50f706,0,2024-03-02 18:58:10+00:00,,165,5,3,33.0,,1,0,0,0,0,1,2
20b351e4c7096d49f35c59a26b733a62,0,2024-01-31 11:52:09+00:00,,672,30,5,22.4,,1,1,0,0,1,1,4
20dc5d35f753b640a1113aecbd892ac8,1,2024-01-03 16:54:48+00:00,2024-02-01 16:58:13+00:00,3,1,1,3.0,29.002372685185186,1,0,0,0,0,0,1
20dcbfd7aa3669baa830bde4c28bb1b9,1,2024-03-18 20:20:37+00:00,2024-04-28 20:23:17+00:00,2,1,1,2.0,41.00185185185185,1,0,0,0,0,0,1
20dee293bc4d0918f5a1f8bee37f5e18,0,2024-01-18 09:42:48+00:00,,210,6,7,35.0,,1,1,1,0,0,1,4
20eded82b60051a5136fc94533a9a922,0,2024-01-17 11:04:41+00:00,,6,1,2,6.0,,1,0,0,0,1,0,2
20f71d840e3a58edbfbdb8a86b688346,0,2024-03-28 20:12:57+00:00,,41,2,9,20.5,,1,1,0,1,0,1,4
21039da78446b3025de89133f9de6936,0,2024-02-15 13:50:46+00:00,,3,1,2,3.0,,1,0,0,0,0,0,1
2115facc5471ea6e7fd1c4413d8129e2,0,2024-02-29 21:08:36+00:00,,730,23,12,31.73913043478261,,1,1,1,1,0,1,5
2135d4c7c03da0119ac9d6ac064adfa4,0,2024-01-27 13:10:23+00:00,,1,1,1,1.0,,0,0,0,0,0,1,1
21557e335d56ae3e854c94bcad70e933,0,2024-03-28 11:35:59+00:00,,138,2,3,69.0,,1,0,0,0,0,0,1
21618fc8ac935e5db72c49d4070229e1,0,2024-01-26 17:42:30+00:00,,97,3,5,32.333333333333336,,1,1,0,0,0,1,3
2174b1cac37ff59863d49ab9026f4104,1,2024-01-16 05:11:53+00:00,2024-02-09 05:27:52+00:00,9,1,4,9.0,24.011099537037037,1,1,0,0,0,1,3
21934dd7bd9fd62e5435ecc94d00df65,0,2024-03-29 13:15:49+00:00,,209,13,7,16.076923076923077,,1,0,0,1,0,1,3
219dfd44d405434e4d8eb629438ca37f,0,2024-01-20 15:31:33+00:00,,1778,30,10,59.266666666666666,,1,1,0,1,0,1,4
21a11ea7c92e10cd8cde77956a6d0e1b,0,2024-03-28 12:08:48+00:00,,10,1,1,10.0,,1,0,0,0,0,0,1
21d27466299f91558faeb689234c448e,0,2024-03-26 16:04:33+00:00,,6,1,1,6.0,,1,0,0,0,0,0,1
21d2800ddc471d7b8a2e90ea421e7842,0,2024-02-07 09:29:37+00:00,,349,14,7,24.928571428571427,,1,1,0,0,1,1,4
21e8a221ac5fb4c68b9d214883d910cc,0,2024-01-19 19:36:02+00:00,,9,1,2,9.0,,1,0,0,0,0,0,1
21fcea51e735a6ca9fab7535e2f93832,1,2024-03-10 15:54:45+00:00,2024-04-02 15:58:53+00:00,1,1,1,1.0,23.00287037037037,0,0,0,0,0,1,1
220100622734997a80cee9b6ba1e6fe7,0,2024-01-09 17:21:43+00:00,,245,12,6,20.416666666666668,,1,1,0,1,0,1,4
22088caff8408abac3b52818786d3140,0,2024-03-26 17:05:28+00:00,,978,26,14,37.61538461538461,,1,1,0,1,0,1,4
22147f3772c141d38895b16bbc61b374,1,2024-03-10 00:14:58+00:00,2024-04-05 00:16:26+00:00,1,1,1,1.0,26.001018518518517,1,0,0,0,0,0,1
22332aa98a4ded3cadbda1e9ae635b2e,0,2024-03-19 13:54:43+00:00,,1,1,1,1.0,,1,0,0,0,0,0,1
2298e1724cd10656dd192f001ee0c11b,0,2024-02-14 22:15:13+00:00,,2,1,1,2.0,,0,0,0,0,0,1,1
22b12adbf62e4071bc4d683ff73661dc,0,2024-02-03 09:48:51+00:00,,9,1,2,9.0,,1,0,0,0,0,1,2
22bf2888072c1506842baf8f95aa80be,0,2024-02-12 11:32:51+00:00,,4,1,1,4.0,,1,0,0,0,0,0,1
22ca570dd6e97c9d8caa348d7ceccd80,0,2024-03-26 17:59:42+00:00,,11,2,3,5.5,,1,0,0,0,0,1,2
22eadb2855feae38173d52598fab9e74,0,2024-01-15 23:26:22+00:00,,67,2,3,33.5,,1,0,0,0,0,0,1
2305b3538841ffaaf1802a8c56016edb,0,2024-02-25 11:50:23+00:00,,18,1,3,18.0,,1,0,0,0,0,1,2
233157832ed8d928e087eb3b8a556a8e,0,2024-01-30 11:25:32+00:00,,12,2,4,6.0,,1,1,0,0,0,1,3
2343a48f08a13f16006fb39b7b4eb8b2,0,2024-03-15 11:24:03+00:00,,57,6,8,9.5,,1,1,1,1,0,1,5
2359db6cb899b21d72814b8f04a6e63a,0,2024-01-20 12:45:39+00:00,,1,1,1,1.0,,0,0,0,0,0,1,1
235c4b261aa9fef704bff7150929139d,1,2024-01-14 15:41:31+00:00,2024-02-16 16:08:21+00:00,442,18,6,24.555555555555557,33.01863425925926,1,1,0,0,0,1,3
238a8b9a4d2687f54b05c7687fb07cf5,0,2024-02-08 11:16:18+00:00,,51,2,4,25.5,,1,1,0,0,0,1,3
239d1774d4e2d661649755e172e02ca8,0,2024-02-29 12:48:48+00:00,,17,1,4,17.0,,1,0,1,0,0,0,2
23a85dd950960409eeb94a355272fd39,0,2024-03-06 17:55:34+00:00,,42,1,3,42.0,,1,0,0,1,0,0,2
23ca557687191e3c3617bdb254446fe0,0,2024-02-14 22:15:28+00:00,,3,1,2,3.0,,1,0,0,0,0,0,1
23d640c186405f3ffa0dff31bbd3d338,0,2024-02-13 09:20:48+00:00,,27,1,2,27.0,,1,0,0,0,0,0,1
23f20bd9b802261dd5ee596e76fc3cbc,0,2024-02-29 05:46:47+00:00,,7,2,2,3.5,,1,0,0,0,0,1,2
23f9199b1b3adba933e3deb8e0c1003c,0,2024-03-02 23:25:32+00:00,,4,1,1,4.0,,1,0,0,0,0,0,1
23fe597505702b38b5fd1bf2465b9773,0,2024-02-16 22:51:50+00:00,,1,1,1,1.0,,1,0,0,0,0,0,1
23ffb8858432874e23d4b4eadb643ca1,0,2024-03-08 10:42:55+00:00,,42,4,4,10.5,,1,0,0,1,0,1,3
2405cedb8f143fa107ef33dbec1231b5,1,2024-02-20 10:12:12+00:00,2024-03-12 11:09:42+00:00,2,1,1,2.0,21.039930555555557,1,0,0,0,0,0,1
240ad598e0ec51d112efe8b11f54eb6b,1,2024-02-19 13:14:21+00:00,2024-03-22 13:18:33+00:00,8,1,3,8.0,32.002916666666664,1,1,0,0,0,1,3
240ffe745c1b853df22428d590b50087,0,2024-02-26 17:16:40+00:00,,38,1,1,38.0,,1,0,0,0,0,0,1
241a0a22cea04f335ea48a7151c9577f,0,2024-03-22 07:21:07+00:00,,45,11,4,4.090909090909091,,1,1,0,0,0,1,3
2431dd724f9787bf364c2b6d50741991,0,2024-03-28 10:56:57+00:00,,4,1,2,4.0,,1,0,0,0,0,0,1
245185214fe7885b53bf032d432c6fd1,0,2024-01-11 15:17:59+00:00,,21,4,2,5.25,,1,0,0,0,0,0,1
24611a76eedb1105044c6db6043482cd,0,2024-01-30 17:33:09+00:00,,1,1,1,1.0,,1,0,0,0,0,0,1
24720a63f84548a38686fb6ce8640a6b,0,2024-03-04 23:27:19+00:00,,1,1,1,1.0,,1,0,0,0,0,0,1
24778145cc073b9d4f2ae782f0d5db90,1,2024-03-19 22:37:31+00:00,2024-04-29 22:40:00+00:00,2,1,1,2.0,41.001724537037035,1,0,0,0,0,0,1
249be7e69e6dd51dc18020caf46ab53b,0,2024-02-02 13:09:01+00:00,,13,2,3,6.5,,1,0,0,0,0,0,1
24a46d3d64770ca6e39ef26d45046a22,1,2024-02-06 11:02:13+00:00,2024-03-13 11:03:07+00:00,3,1,2,3.0,36.000625,1,0,0,0,0,0,1
24a5f49f1d23af6d78f6b716ddd22c04,0,2024-02-29 13:16:06+00:00,,17,1,2,17.0,,1,0,0,0,0,1,2
24b7e651c14d3d3ed6a7926a4aacbb03,0,2024-02-26 17:37:59+00:00,,1,1,1,1.0,,0,0,0,0,0,1,1
24bec0ae271020edb1f43d18f702fc5b,0,2024-02-21 17:28:57+00:00,,60,2,4,30.0,,1,0,1,0,0,1,3
24c0d01774dbf0a77e6d094065418f34,0,2024-01-01 22:54:32+00:00,,1,1,1,1.0,,1,0,0,0,0,0,1
24d1088bea91153e8cc5891a29ec81a9,1,2024-01-17 19:25:38+00:00,2024-02-12 19:28:47+00:00,1,1,1,1.0,26.0021875,0,0,0,0,0,1,1
24d9423550977294b04540e48ed620bd,0,2024-03-12 21:58:42+00:00,,30,5,3,6.0,,1,1,0,0,0,1,3
24f5246f36684ad0d7eb3a6f6cdffff0,0,2024-02-22 13:05:24+00:00,,10,3,1,3.3333333333333335,,1,0,0,0,0,0,1
24f790172e0fd0b2af50c364eb64026c,0,2024-03-03 20:02:51+00:00,,131,19,7,6.894736842105263,,1,1,0,1,0,1,4
252ce108eaaabc37dbf995b8f10bc86c,1,2024-03-10 23:04:13+00:00,2024-04-07 03:47:35+00:00,91,6,3,15.166666666666666,27.196782407407408,1,1,0,0,0,1,3
255abe91d6fde310c2cad4383128babe,0,2024-03-20 07:57:16+00:00,,45,1,1,45.0,,1,0,0,0,0,0,1
2585076dd7300c25e500436f40d7eafc,0,2024-02-23 15:59:48+00:00,,2,1,1,2.0,,0,0,0,0,0,1,1
25982b524733df298926691ccbda5f7f,0,2024-01-02 23:44:21+00:00,,1,1,1,1.0,,1,0,0,0,0,0,1
25a37d6d71eff18be753953b35417860,0,2024-03-21 16:56:10+00:00,,1,1,1,1.0,,1,0,0,0,0,0,1
25a4331348f9f2b13caf653f8e926a51,0,2024-03-11 14:29:32+00:00,,2,1,1,2.0,,0,0,0,0,0,1,1
25a6ab67f3f49c5816716387c079455c,0,2024-01-30 02:49:21+00:00,,114,10,3,11.4,,1,0,0,0,0,1,2
25a94a90ba1770285ffa9b4ec23cee39,0,2024-01-19 00:31:32+00:00,,8,1,2,8.0,,1,0,0,0,0,0,1
25b1d2bb5f664d075b4ab3548e028876,1,2024-01-02 18:36:38+00:00,2024-02-06 18:37:52+00:00,7,1,2,7.0,35.000856481481485,1,0,0,0,0,0,1
25c4df6b082e9b9dbd16eb567b30c62a,0,2024-03-10 16:38:07+00:00,,17,1,1,17.0,,1,0,0,0,0,0,1
25cf2d83afe584572a8e2e3518bf6255,0,2024-02-12 16:03:46+00:00,,1,1,1,1.0,,1,0,0,0,0,0,1
25d31db83d1770a73dd9324c0f80d836,1,2024-02-07 12:26:37+00:00,2024-03-01 12:30:53+00:00,75,6,2,12.5,23.002962962962965,1,0,0,0,0,1,2
25dcc91e5fa67d382a63571aaa3b6958,0,2024-02-15 08:48:09+00:00,,2,1,1,2.0,,1,0,0,0,0,0,1
25eed71fdc1fe06b3844383a4da0cb0f,1,2024-03-08 06:23:53+00:00,2024-04-13 06:27:39+00:00,1,1,1,1.0,36.002615740740744,1,0,0,0,0,0,1
25f9631cfdd7929666640b3783c4dd20,0,2024-02-27 13:40:43+00:00,,53,3,6,17.666666666666668,,1,1,0,0,0,1,3
26068d72a050fa6667f516afaed2b7ea,0,2024-01-12 13:59:16+00:00,,1,1,1,1.0,,1,0,0,0,0,0,1
2628ce51d7ea56b35797dec4fdf17d1b,0,2024-02-13 01:58:55+00:00,,2,1,1,2.0,,1,0,0,0,0,0,1
265748fd94e69986726d33248c14cb41,1,2024-02-10 14:44:55+00:00,2024-03-23 18:52:19+00:00,3,1,1,3.0,42.17180555555556,0,0,0,0,0,1,1
265998c3eaa0d8a3314d1753aea02147,1,2024-01-06 11:26:40+00:00,2024-02-12 07:36:25+00:00,27,1,2,27.0,36.84010416666667,1,0,0,0,0,1,2
2664c519b8760e8454bdf3daf57514b9,0,2024-02-20 08:34:17+00:00,,7,1,3,7.0,,1,0,0,0,0,0,1
266dd06897b8a100fec485aa2f7ec512,0,2024-03-05 23:14:50+00:00,,3,1,2,3.0,,1,0,0,0,0,1,2
268297cf1e70ad9cbbcba2e1d7596410,0,2024-02-03 11:41:37+00:00,,3,1,1,3.0,,0,0,0,0,0,1,1
269fada13a2be44bd4b1020c46d73fb1,0,2024-01-14 13:51:00+00:00,,1,1,1,1.0,,0,0,0,0,0,1,1
26b23ff8af16e658bb8791457e06f639,1,2024-02-01 04:46:27+00:00,2024-02-28 04:53:47+00:00,20,1,3,20.0,27.005092592592593,1,0,0,0,0,1,2
26bbaf7adf34127e4bde9ff9851952e5,0,2024-02-17 05:32:19+00:00,,2,1,2,2.0,,1,0,0,0,0,1,2
26e6e8660edefb3e396a58cfc498fc85,0,2024-03-19 10:57:39+00:00,,3,1,1,3.0,,1,0,0,0,0,0,1
26ec14519cb2973eae2869f9348b1aa2,0,2024-02-11 22:00:37+00:00,,44,8,5,5.5,,1,1,0,1,0,1,4
26ed8a71e7751c9f1c3565094cfc6289,1,2024-02-08 20:09:00+00:00,2024-03-11 20:09:55+00:00,1,1,1,1.0,32.00063657407407,1,0,0,0,0,0,1
2719191ad6bb38e665f085202fd3de2a,0,2024-02-14 14:14:02+00:00,,1,1,1,1.0,,1,0,0,0,0,0,1
274597e10df30ec79e7b8ea7666338a9,1,2024-01-22 13:25:33+00:00,2024-02-11 13:29:30+00:00,3,1,1,3.0,20.002743055555555,1,0,0,0,0,0,1
274be2d467062f1fc78994d59beea27f,0,2024-03-14 15:00:48+00:00,,5,1,2,5.0,,1,0,0,0,0,0,1
27792006dceddbb291ce01f1c9690ebb,1,2024-03-20 09:03:12+00:00,2024-04-15 12:05:26+00:00,8,1,2,8.0,26.126550925925926,1,0,0,0,0,0,1
277f54ff4bc0eeaff2d328025f6ac3bc,0,2024-02-15 08:21:42+00:00,,4,1,1,4.0,,1,0,0,0,0,0,1
2790d798ac14bcc7fb75bafb2faa18d4,1,2024-01-27 11:43:02+00:00,2024-02-15 11:50:41+00:00,10,1,1,10.0,19.0053125,1,0,0,0,0,0,1
27948e0a3c4d1bc581e8e7138ae56f7f,1,2024-02-02 23:12:44+00:00,2024-03-02 20:48:55+00:00,2,1,1,2.0,28.900127314814814,1,0,0,0,0,0,1
27a3ba5a0f26c072d5c8cc060f071449,1,2024-01-23 18:25:40+00:00,2024-02-27 19:02:40+00:00,6,1,2,6.0,35.02569444444445,1,0,0,0,0,1,2
27ac382fd8813361708437e45794dac4,0,2024-02-07 09:40:34+00:00,,11,2,4,5.5,,1,0,0,0,0,1,2
27ae0dedbce95358a4b07a897d43f8c7,0,2024-03-28 15:45:19+00:00,,1,1,1,1.0,,1,0,0,0,0,0,1
27b6a21949477f47adb59d926efb2b5c,0,2024-03-29 22:29:44+00:00,,272,15,5,18.133333333333333,,1,0,0,0,0,1,2
27b79e849ae0f9984893dbc533296895,0,2024-02-23 11:42:08+00:00,,1,1,1,1.0,,1,0,0,0,0,0,1
27d647a888777f0d8f1db1a8ac016006,0,2024-01-16 17:58:07+00:00,,76,1,1,76.0,,1,0,0,0,0,0,1
27e329b2629d48c14bcfcb19722d1e9d,0,2024-03-28 11:08:39+00:00,,1,1,1,1.0,,1,0,0,0,0,0,1
27f0f6f863600e43c17be49ff0d8b76b,1,2024-03-25 14:18:54+00:00,2024-04-24 11:15:09+00:00,350,26,7,13.461538461538462,29.872395833333332,1,1,0,1,0,1,4
280715ff699a974774a83380d39af25c,1,2024-02-19 15:08:47+00:00,2024-03-27 15:17:52+00:00,686,22,9,31.181818181818183,37.00630787037037,1,0,0,1,0,1,3
281b082002af18e8c7fc788bc459d794,1,2024-02-08 15:18:36+00:00,2024-03-12 15:54:31+00:00,2,1,1,2.0,33.02494212962963,1,0,0,0,0,0,1
284270ea64c5c4127a7235dfe061770b,0,2024-02-22 09:04:26+00:00,,8,2,4,4.0,,1,1,0,1,0,1,4
284746c1d3d16056bd0ac1f13dc90416,1,2024-01-02 15:49:14+00:00,2024-02-01 16:29:19+00:00,86,7,2,12.285714285714286,30.027835648148148,1,0,0,0,0,0,1
28525e762cc010fb72c50b69ba16abf8,0,2024-02-05 17:41:00+00:00,,106,23,3,4.608695652173913,,1,1,0,0,0,1,3
2860ba1640605f4b0261774773d4bd0e,0,2024-03-27 07:46:01+00:00,,13,2,3,6.5,,1,0,0,0,0,1,2
28647dd9cf1f31aad29f2e260d1790fb,0,2024-01-11 15:44:53+00:00,,4,1,2,4.0,,1,0,0,0,0,0,1
2888a9b7a80cf63feb6c5f784a4a39eb,1,2024-01-08 00:19:07+00:00,2024-01-26 00:39:07+00:00,1,1,1,1.0,18.01388888888889,1,0,0,0,0,0,1
288f2de30071a2182634e2c2f41b338a,0,2024-01-21 21:08:48+00:00,,157,5,2,31.4,,1,0,0,0,0,1,2
28991ae77438a6a901e6b22a729b2c57,0,2024-02-06 13:51:03+00:00,,37,4,5,9.25,,1,1,0,0,0,1,3
28bd081f888125cff682027ae7a52aa6,0,2024-01-11 13:37:57+00:00,,2,1,1,2.0,,1,0,0,0,0,0,1
28cb994559085b9a398d1c1caff0f2ee,0,2024-02-09 09:19:08+00:00,,2,1,2,2.0,,1,0,0,0,0,0,1
28f243ff044a827b7bba6b632e133566,0,2024-02-13 20:23:19+00:00,,55,4,6,13.75,,1,1,0,0,0,1,3
29045f2103bef9becf7cf4dcdb797cef,0,2024-02-24 15:16:32+00:00,,16,2,4,8.0,,1,1,0,0,0,1,3
29096dbb7d839bd82d4149326b44b9ef,1,2024-02-08 17:23:50+00:00,2024-02-26 17:26:42+00:00,16,1,2,16.0,18.00199074074074,1,0,0,0,0,1,2
290c5bdc3b32e4472fdf552e34a4249a,0,2024-02-27 19:11:10+00:00,,1,1,1,1.0,,1,0,0,0,0,0,1
2914a63f247ce0539cfced35d5890723,0,2024-01-06 13:16:16+00:00,,1,1,1,1.0,,0,0,0,1,0,0,1
2943557d2cacc7bcb528c7e0d7e838b3,0,2024-01-15 20:29:40+00:00,,2,1,1,2.0,,1,0,0,0,0,0,1
295355f126ddcc09165de2770942ab19,0,2024-02-11 11:23:43+00:00,,16,1,2,16.0,,1,0,0,0,0,0,1
295c3fb872d5dfdc5527e5cc293b1e2e,0,2024-03-06 18:55:25+00:00,,327,14,12,23.357142857142858,,1,1,1,1,0,1,5
298053c64143a58e0660f0a655f10593,0,2024-02-13 11:15:57+00:00,,5,1,2,5.0,,1,0,0,0,0,0,1
298c444be382a23e9fa74d678442fe70,0,2024-01-29 17:19:04+00:00,,8,1,2,8.0,,1,1,0,0,0,0,2
298f5a051571ef1fbc2cf4f45b436041,1,2024-02-29 09:21:31+00:00,2024-04-14 09:24:50+00:00,155,7,3,22.142857142857142,45.002303240740744,1,1,0,0,0,1,3
29b5a9ed7031a7c2d6fd7b77bbc3c447,0,2024-02-10 02:27:39+00:00,,3,1,1,3.0,,1,0,0,0,0,0,1
29b5cf4bcc8711a47d4ebcbe85c7d996,1,2024-02-17 01:17:33+00:00,2024-03-20 01:27:17+00:00,9,1,2,9.0,32.00675925925926,1,0,0,0,0,0,1
29c3997049bf6c71d8a860a7ef4f3098,0,2024-03-18 16:39:29+00:00,,3,1,2,3.0,,1,0,0,0,0,0,1
29d5fa4201f5a09bc74cccd66a7c8cf9,0,2024-02-29 00:54:23+00:00,,4,1,2,4.0,,1,0,0,0,0,0,1
29e17d4a06853da0a394348b785a11c9,0,2024-03-05 09:31:05+00:00,,1,1,1,1.0,,1,0,0,0,0,0,1
29f4b345b056e22e20a0783bf201fcfb,0,2024-03-11 17:38:49+00:00,,3,1,1,3.0,,0,0,0,0,0,1,1
2a1be3472ac43b76e03ed45bb5e371ec,0,2024-02-14 14:27:51+00:00,,115,7,3,16.428571428571427,,1,0,0,0,0,0,1
2a21f0521048ef02bb841ab9e9061bbc,0,2024-03-29 19:25:49+00:00,,7,1,2,7.0,,1,0,0,0,0,0,1
2a36f734511c2df75a22561fc514a5aa,0,2024-01-26 12:06:34+00:00,,101,7,4,14.428571428571429,,1,0,0,0,0,1,2
2a4d72d29e408548e73d29f2d9890a60,0,2024-02-24 21:16:14+00:00,,1,1,1,1.0,,0,0,0,0,0,1,1
2a526ef1b860e5819911e770447f283c,0,2024-02-09 01:54:07+00:00,,2,1,1,2.0,,0,0,0,0,0,1,1
2a97d47af3f90d6cdd8213e5ce94872f,0,2024-01-23 16:24:23+00:00,,2,1,1,2.0,,1,0,0,0,0,0,1
2ab25be7929c5993ffef2dc6b04832c8,0,2024-03-21 12:56:15+00:00,,4,1,1,4.0,,1,0,0,0,0,0,1
2aba4ededbc9ee02d119fe6e3a4cb73a,0,2024-03-22 07:56:20+00:00,,9,3,2,3.0,,1,0,0,0,0,1,2
2ad2e47060d78555449f2a14c417f84c,0,2024-03-01 05:46:21+00:00,,1,1,1,1.0,,1,0,0,0,0,0,1
2ae81d755a1e904545daf12fd47ef027,0,2024-03-21 15:07:14+00:00,,3,2,2,1.5,,1,0,0,0,0,1,2
2afbb79fb1df508f34dbe07e6faf6e9f,0,2024-03-08 22:18:06+00:00,,2,1,1,2.0,,1,0,0,0,0,0,1
2b14cd41f119b2be0a9d6a5a4b5a27f0,0,2024-03-20 22:22:01+00:00,,435,10,8,43.5,,1,1,0,1,0,1,4
2b15e126456f0fd021a3b0afc8130dcd,0,2024-03-25 15:14:31+00:00,,10,4,3,2.5,,1,0,0,1,0,1,3
2b17c31a3f666e0884e89c4c4966d5b3,1,2024-02-05 20:43:49+00:00,2024-03-17 20:47:54+00:00,1,1,1,1.0,41.00283564814815,1,0,0,0,0,0,1
2b1e44a8620a124035059ada5fe6214c,1,2024-03-18 20:47:22+00:00,2024-04-22 20:50:08+00:00,11,1,2,11.0,35.001921296296295,1,0,0,0,0,1,2
2b22d3fe57cd7c7cd32e7a60f0d9f17a,0,2024-01-13 12:53:26+00:00,,1,1,1,1.0,,1,0,0,0,0,0,1
2b2f0eb5e2897422c184af895f00515a,0,2024-02-18 07:42:10+00:00,,4,1,3,4.0,,1,0,0,0,0,0,1
2b538469d087978ee0adf9f0b8dfa3d5,0,2024-01-30 15:22:08+00:00,,120,3,4,40.0,,1,1,0,0,0,1,3
2b6114c528342d6f6b2f24fbdf8992ef,0,2024-01-13 19:31:44+00:00,,3,1,3,3.0,,1,1,0,0,0,1,3
2b7377caa9aa435894558bacb1eb3332,1,2024-03-29 15:05:30+00:00,2024-05-07 15:07:57+00:00,133,3,3,44.333333333333336,39.00170138888889,1,0,0,0,0,0,1
2b80c5b0e94f758fb55c405430405a13,0,2024-01-29 04:14:05+00:00,,104,1,1,104.0,,1,0,0,0,0,0,1
2b85102fdccad7c8b63c3a8526330178,1,2024-03-27 08:31:51+00:00,2024-04-14 08:49:40+00:00,1,1,1,1.0,18.012372685185184,1,0,0,0,0,0,1
2bac3174005f920ceb710d68021596d0,1,2024-02-23 01:57:25+00:00,2024-03-22 02:08:02+00:00,16,1,3,16.0,28.007372685185185,1,1,0,0,0,1,3
2bac8ec7286340a1a5b749b64d3ce644,0,2024-03-23 01:43:34+00:00,,1,1,1,1.0,,1,0,0,0,0,0,1
2bbff5a682a56d71238b707052ec8432,0,2024-02-15 17:30:03+00:00,,2,1,2,2.0,,1,0,0,0,0,0,1
2bf57c107752a14aa4bffbaa0e2214c0,0,2024-03-24 11:43:40+00:00,,1,1,1,1.0,,0,0,0,1,0,0,1
2bf92eff7a83eafa91fb0cb6460bbd7f,1,2024-02-07 14:27:17+00:00,2024-03-10 14:31:42+00:00,1,1,1,1.0,32.00306712962963,0,0,0,0,0,1,1
2c241b240d178c1dcb5b2b3b5a7c2af0,0,2024-02-15 17:58:11+00:00,,62,1,1,62.0,,1,0,0,0,0,0,1
2c49cfcc66f9ad316c1011debf200eda,1,2024-02-15 11:31:40+00:00,2024-03-12 11:38:07+00:00,9,1,3,9.0,26.004479166666666,1,0,0,0,0,0,1
2c67cc6d8effc3ed2a52e91add79c08a,1,2024-03-04 18:05:20+00:00,2024-04-07 18:10:54+00:00,1,1,1,1.0,34.00386574074074,1,0,0,0,0,0,1
2c90c62d5ca014ebb718f1dbb1a34c28,0,2024-01-08 15:22:50+00:00,,530,30,6,17.666666666666668,,1,1,0,1,0,1,4
2c99ff6dcac314f12f172d891726bd6d,0,2024-01-23 20:11:09+00:00,,6,1,2,6.0,,1,0,0,0,0,0,1
2ca6092f04ce8cdc3426c197fed291c6,0,2024-01-01 15:21:50+00:00,,163,27,8,6.037037037037037,,1,1,1,1,0,1,5
2cda24a4a47b9152743c66f2191a8a39,0,2024-02-14 13:00:41+00:00,,6,1,2,6.0,,1,0,0,0,0,0,1
2d07bca001eece22729d240e3145bc7c,0,2024-02-29 11:36:36+00:00,,1,1,1,1.0,,1,0,0,0,0,0,1
2d18bdd90870ad2597e58f68493b7672,0,2024-03-07 12:15:22+00:00,,10,1,2,10.0,,1,0,0,0,0,1,2
2d22e93aeb64a29913fb0d9ca1793617,0,2024-02-14 03:53:07+00:00,,18,1,1,18.0,,1,0,0,0,0,0,1
2d27865c1c01ac844528f73cc0b301c9,0,2024-03-21 04:30:41+00:00,,10,2,4,5.0,,1,0,0,1,0,0,2
2d3c4347deb90cf05290df80f0ee855e,1,2024-03-12 13:51:33+00:00,2024-04-25 13:53:49+00:00,157,3,6,52.333333333333336,44.00157407407407,1,1,0,1,0,1,4
2d6bdcb956797359b9d15b4fb4800611,0,2024-02-27 13:54:11+00:00,,3,1,1,3.0,,1,0,0,0,0,0,1
2d96a450784ba8b8c5cb8e260bdcc127,0,2024-01-13 11:47:14+00:00,,67,4,4,16.75,,1,0,0,0,0,1,2
2d9f8ffed221bb962c28baccf571f955,0,2024-01-03 15:10:42+00:00,,1,1,1,1.0,,0,1,0,0,0,0,1
2de139a1716160323c7adaf7fcc33eca,0,2024-02-09 12:30:59+00:00,,1,1,1,1.0,,1,0,0,0,0,0,1
2ded176402d5b333fea4ac07cead924f,0,2024-03-10 09:02:19+00:00,,2124,29,6,73.24137931034483,,1,1,0,0,0,1,3
2dfb333b3dae7e6806f587b590612d60,0,2024-01-13 14:01:08+00:00,,84,2,2,42.0,,1,0,0,0,0,0,1
2dfb5f187120b3db4f0ad2aed22fd2e9,0,2024-01-21 19:37:29+00:00,,1,1,1,1.0,,1,0,0,0,0,0,1
2e0524deb3072714d306e32f0e652664,0,2024-03-27 20:33:18+00:00,,1,1,1,1.0,,0,0,0,0,0,1,1
2e088facdc32e5cd02d765502f20dd91,0,2024-01-27 20:43:09+00:00,,1,1,1,1.0,,1,0,0,0,0,0,1
2e59883683f9baf2a5df4bd9a615c187,0,2024-01-09 21:59:35+00:00,,4,1,1,4.0,,1,0,0,0,0,0,1
2ea2c8b908345f95a425c44a9d9245ea,0,2024-01-10 14:08:53+00:00,,2,1,1,2.0,,1,0,0,0,0,0,1
2ec0fac7e1bce3c003c568cda3e73db2,1,2024-03-11 14:23:26+00:00,2024-04-04 09:37:41+00:00,1675,28,9,59.82142857142857,23.8015625,1,1,0,1,0,1,4
2ef9430b39afae3ae8163b8e5c1b7a0a,0,2024-01-17 23:49:31+00:00,,113,5,5,22.6,,1,1,0,1,0,1,4
2f0875297666617218b1bfffef5fe49c,0,2024-02-16 02:09:10+00:00,,24,1,2,24.0,,1,0,0,0,0,1,2
2f37c79af942516c5085b54d1f49a592,0,2024-03-09 23:49:42+00:00,,12,1,2,12.0,,1,0,0,0,0,1,2
2f56444592114a705fc610dc456e377a,1,2024-02-05 22:06:54+00:00,2024-03-08 22:15:29+00:00,6,1,2,6.0,32.00596064814815,1,0,0,0,0,1,2
2f6a3898dd029de3de2ce9bc744bc132,0,2024-03-15 13:40:59+00:00,,3,1,2,3.0,,1,0,0,1,0,0,2
2f6ae10433b86dd8173dfc4a4208d3e9,0,2024-02-16 09:51:24+00:00,,6,2,3,3.0,,1,1,0,0,0,1,3
2f7a2a2708397417332773725d2a07ba,1,2024-02-29 14:23:40+00:00,2024-03-28 14:26:06+00:00,32,1,2,32.0,28.001689814814814,1,0,0,0,0,1,2
2fb46dabd30bb2c3c5dfafdb84f7029c,0,2024-02-02 03:31:34+00:00,,17,1,6,17.0,,1,1,0,0,0,1,3
2ffc73ebbf4f852edb446d42ae5bab3e,0,2024-03-18 19:49:02+00:00,,805,28,12,28.75,,1,1,0,1,0,1,4
30293c7e740bb996d9be9549e4bb1330,0,2024-02-17 21:11:10+00:00,,7,2,2,3.5,,1,0,0,0,0,0,1
303b6b284cb75739bab15cc093916042,0,2024-02-26 16:52:58+00:00,,7,1,1,7.0,,1,0,0,0,0,0,1
30526f2fbb3b7e88255bf2e84e5a4ef9,0,2024-03-03 11:06:14+00:00,,28,1,3,28.0,,1,0,0,0,0,0,1
30541e15a252a265eb7335530225f636,0,2024-02-27 16:26:25+00:00,,14,1,3,14.0,,1,0,0,0,0,0,1
3057bc13ee2a47810c1a49251a55e26c,0,2024-02-15 07:29:12+00:00,,304,3,4,101.33333333333333,,1,1,0,0,0,1,3
3094243a603866729af54764eb1605eb,0,2024-02-22 02:00:58+00:00,,581,14,10,41.5,,1,1,0,1,1,1,5
309cdbc5340dd603d11e999ca061f387,1,2024-03-08 07:29:54+00:00,2024-04-17 07:39:17+00:00,9,1,3,9.0,40.006516203703704,1,1,0,0,0,1,3
30c44442ba28fc93f3c83871c7a600a4,0,2024-03-01 13:18:56+00:00,,1,1,1,1.0,,0,0,0,0,0,1,1
30cad6c50886b69426670afac43cd002,0,2024-03-15 16:41:20+00:00,,3,1,1,3.0,,1,0,0,0,0,0,1
30cc69b6591b7309e59191a8a88afff3,0,2024-01-09 22:14:32+00:00,,15,1,1,15.0,,1,0,0,0,0,0,1
30d53284f17bcf109c5d334b1dbb0727,1,2024-01-18 19:57:10+00:00,2024-02-05 19:58:49+00:00,295,14,5,21.071428571428573,18.001145833333332,1,1,0,0,0,1,3
30ec946cd771d17b61b79181c8d2a2b1,0,2024-02-15 08:09:21+00:00,,26,1,3,26.0,,1,0,0,0,0,1,2
3119de49362907774856134d6980375a,1,2024-02-05 23:29:01+00:00,2024-03-12 23:30:34+00:00,1,1,1,1.0,36.00107638888889,1,0,0,0,0,0,1
3123719f28d2125cbf012dec9e5fcf14,1,2024-02-29 11:31:52+00:00,2024-04-01 21:39:20+00:00,818,17,9,48.11764705882353,32.421851851851855,1,1,0,1,0,1,4
312397c192fa1fd95929254d438ea70a,1,2024-03-26 16:35:18+00:00,2024-04-19 16:44:03+00:00,4,1,1,4.0,24.00607638888889,1,0,0,0,0,0,1
315767f1da7062556143d42bb19ba31e,0,2024-01-31 14:53:34+00:00,,69,2,3,34.5,,1,0,0,0,0,0,1
3183d964d9ba3fea2b53bc04ecd63197,0,2024-02-22 17:02:03+00:00,,4,1,2,4.0,,1,0,0,0,0,1,2
318ec9aef9577e446bae19ac2e0b32e7,0,2024-02-21 11:08:46+00:00,,324,25,8,12.96,,1,1,1,0,0,1,4
318f8b062d9f42a49c3f77e5d3411aa0,0,2024-01-10 07:35:15+00:00,,595,19,6,31.31578947368421,,1,0,0,1,0,1,3
32002c3e157eeb7babd11507b2195f07,0,2024-03-26 16:04:48+00:00,,2,1,2,2.0,,1,0,0,1,0,0,2
322575f5e0ba3cb91a1aba056424c7c9,0,2024-01-02 09:01:57+00:00,,11,1,2,11.0,,1,0,0,0,0,0,1
324950d5932fc7ef8ab26bac1e847b0b,0,2024-03-01 00:21:15+00:00,,92,5,4,18.4,,1,0,0,0,0,1,2
325bbe3c992bfd0f4a206ec2cb65af4d,0,2024-01-31 11:30:34+00:00,,4,1,1,4.0,,1,0,0,0,0,0,1
327005a3088cf52bf63c9aa95506a7dd,1,2024-01-13 06:35:53+00:00,2024-02-19 06:56:57+00:00,26,2,4,13.0,37.01462962962963,1,0,0,0,1,0,2
3278fa5ab589673ad7ba9b1f055b40d5,0,2024-03-05 15:13:07+00:00,,4,1,1,4.0,,1,0,0,0,0,0,1
3286cde17889f26ef7ce3c06e23d99fe,0,2024-01-11 09:46:55+00:00,,1,1,1,1.0,,1,0,0,0,0,0,1
3295e1051cb8f346a2a109e6d22a84ed,0,2024-03-20 14:29:21+00:00,,2,1,1,2.0,,1,0,0,0,0,0,1
32a947e1e87857262fabb667ee156d1b,1,2024-01-15 00:22:46+00:00,2024-02-10 00:28:13+00:00,17,4,1,4.25,26.00378472222222,0,0,0,0,0,1,1
32aaf36ac996938a2ad0eb00afeee299,0,2024-03-21 14:22:19+00:00,,316,22,5,14.363636363636363,,1,0,0,1,0,1,3
32ad1eef8744a8f8ace72a196c3c70e0,0,2024-01-25 16:14:40+00:00,,11,1,2,11.0,,1,0,0,0,0,0,1
32ca3839f81500a630572958daf037f3,0,2024-03-06 17:57:54+00:00,,1,1,1,1.0,,0,0,0,1,0,0,1
32ccf2e91e78212e505f4201e33583df,1,2024-01-31 21:47:32+00:00,2024-02-28 21:52:15+00:00,22,2,3,11.0,28.003275462962964,1,0,0,0,0,0,1
32e0a18fb35892a696a8c8f8fb791c77,0,2024-02-14 17:30:49+00:00,,21,1,3,21.0,,1,0,0,0,0,1,2
32e2cbaa22f1f7235196fc34f2f65d6f,0,2024-01-23 21:32:05+00:00,,2,1,2,2.0,,1,0,0,0,0,1,2
32e3acfda34247ff3b5c9b4c7a61a355,0,2024-02-07 03:11:52+00:00,,14,1,3,14.0,,1,1,0,0,0,0,2
3306fcfc7e5ae9427353df18f26019fc,0,2024-03-07 08:57:25+00:00,,1,1,1,1.0,,1,0,0,0,0,0,1
33144d0d04b3e90a521678bd383df65b,0,2024-01-02 14:40:14+00:00,,2,2,2,1.0,,1,0,0,1,0,0,2
331a2c90e0dd8005b20a1f1d1dd779f5,1,2024-02-19 13:56:20+00:00,2024-03-20 14:01:23+00:00,471,20,8,23.55,30.003506944444446,1,1,0,0,0,1,3
334bedaedc27c30e5514e10e4c8a5c7f,1,2024-02-18 22:46:08+00:00,2024-03-24 22:48:42+00:00,85,3,3,28.333333333333332,35.001782407407404,1,0,0,0,0,1,2
334e84fd8e6ab45f39e271aadcc261e6,0,2024-02-22 17:20:18+00:00,,21,1,5,21.0,,1,1,0,0,0,1,3
336b126730611dad87a830e0fb1f3610,0,2024-02-09 18:38:08+00:00,,34,1,1,34.0,,0,0,0,0,0,1,1
33825ccb96c4cf3b08e17ab31b3c3fd4,1,2024-01-08 11:13:56+00:00,2024-01-29 11:25:19+00:00,144,2,2,72.0,21.007905092592594,1,0,0,0,0,0,1
339700d788ac1d4f9de07cc56814fff1,0,2024-02-07 23:15:58+00:00,,12,3,3,4.0,,1,0,0,0,1,0,2
33a55bcdb3aa2ae7ec5c34e0324d6acc,0,2024-02-22 13:05:28+00:00,,1,1,1,1.0,,1,0,0,0,0,0,1
33a844e0e7d90de140901688a11c6b4a,0,2024-01-22 21:05:30+00:00,,1,1,1,1.0,,0,0,0,0,0,1,1
33cb4369c37266cd8994da8878b17b87,0,2024-03-07 21:33:59+00:00,,52,7,4,7.428571428571429,,1,1,0,1,0,1,4
33f0b98a557961f5ccc519bb972d450f,0,2024-03-20 11:01:59+00:00,,223,1,5,223.0,,1,1,0,0,0,1,3
33f25d425aa204c20d860221bcc057dd,0,2024-01-30 13:44:21+00:00,,4,1,2,4.0,,1,0,0,0,0,1,2
341364db6109d838d57a68b12524e70e,1,2024-02-19 14:12:24+00:00,2024-03-04 14:14:30+00:00,20,3,5,6.666666666666667,14.001458333333334,1,1,0,0,0,1,3
34372dc1782c79a2ef1992cf3eeea694,0,2024-03-26 18:30:42+00:00,,12,1,1,12.0,,1,0,0,0,0,0,1
34377961fe6d9a14d928a5545d6ff969,0,2024-01-22 13:58:28+00:00,,5,1,3,5.0,,1,0,0,0,0,0,1
343b4cc7f6dcb4dc1eec3fa78ed9a045,0,2024-03-29 11:20:43+00:00,,16,1,1,16.0,,1,0,0,0,0,0,1
344707ee2709824d87b93c3208b64d28,0,2024-03-04 12:08:29+00:00,,32,2,2,16.0,,1,0,0,0,0,0,1
34a1d2c2de17eb11c365ee8c94344290,0,2024-02-09 15:22:29+00:00,,738,5,9,147.6,,1,1,0,1,0,1,4
34c5b777b1b8e7bf015e143aa0a6bf8c,0,2024-03-28 21:39:31+00:00,,2,1,1,2.0,,0,0,0,0,0,1,1
34d50aad0209c58a3938915d430eae89,1,2024-02-19 04:33:17+00:00,2024-03-22 10:55:41+00:00,7,2,1,3.5,32.26555555555556,0,0,0,0,0,1,1
34f67ca5dba04449804af1cab17f1164,0,2024-03-21 19:06:01+00:00,,1,1,1,1.0,,1,0,0,0,0,0,1
354d7dfadb2d56c2e828929cd4b7eb5a,1,2024-03-07 21:08:53+00:00,2024-04-11 21:11:05+00:00,2,1,1,2.0,35.00152777777778,1,0,0,0,0,0,1
354ed698684a0b88804d74f3a79f0b64,0,2024-03-19 22:13:03+00:00,,151,21,7,7.190476190476191,,1,1,0,1,0,1,4
3571b20aaece20a075f6a461bc4f64f9,0,2024-02-13 13:35:58+00:00,,7,1,2,7.0,,1,0,0,0,0,0,1
35af11ef256f03809ee37232b17b76f1,0,2024-01-08 10:27:10+00:00,,193,15,4,12.866666666666667,,1,0,0,0,0,1,2
35ef164f441c37c96e19d11622604347,0,2024-02-29 09:38:29+00:00,,9,1,1,9.0,,1,0,0,0,0,0,1
35f2b093ab291a256cc868b7dca50cd7,1,2024-01-14 10:44:36+00:00,2024-02-10 12:17:44+00:00,2,1,1,2.0,27.064675925925926,0,0,0,0,0,1,1
36052c3bc0c1681d19f08cae13c26722,0,2024-03-13 20:56:44+00:00,,5,1,2,5.0,,1,0,0,0,0,0,1
36085896c9beb66cb175f783f2a8e3b6,0,2024-02-27 15:14:25+00:00,,5,3,2,1.6666666666666667,,1,0,0,0,0,1,2
3612595b5d2d1c6d70a3942a93417e47,1,2024-01-26 20:17:37+00:00,2024-02-12 20:22:04+00:00,6,1,1,6.0,17.003090277777776,1,0,0,0,0,0,1
364762dcfe5c7632bb91f2f2186a22f1,1,2024-01-08 20:08:25+00:00,2024-01-30 20:10:37+00:00,62,1,3,62.0,22.001527777777778,1,1,0,0,0,1,3
366350cc46ad1dffd8751d774ccec7ac,0,2024-03-22 21:21:17+00:00,,2,1,1,2.0,,0,0,0,0,0,1,1
36806a4a8060ce3d5516619fd6bb2c49,0,2024-03-20 09:16:07+00:00,,5691,18,20,316.1666666666667,,1,1,1,1,0,1,5
3695372bdc0a85e5b6b49846a5c4d04d,0,2024-02-20 11:55:14+00:00,,66,4,10,16.5,,1,1,0,1,0,1,4
36af31068526d3610771b9ca3a43574e,0,2024-02-28 21:13:15+00:00,,286,18,12,15.88888888888889,,1,1,0,1,0,1,4
36b46042d75f214bb1a6b977c037de2d,0,2024-03-12 16:04:32+00:00,,2,1,2,2.0,,1,0,0,0,0,0,1
36c44b934c692ca73055302982179af3,0,2024-01-23 00:52:09+00:00,,43,4,4,10.75,,1,1,0,0,0,1,3
36c764a2578e5b11c5e4367cbbe59ac0,0,2024-01-20 07:39:10+00:00,,11,1,1,11.0,,1,0,0,0,0,0,1
36cbbff3dc04c3c8d49511b13a0cba03,0,2024-03-04 10:28:11+00:00,,241,15,11,16.066666666666666,,1,1,0,1,1,1,5
36dcbde80ad1db748cc806b06ab9aacf,0,2024-01-28 23:53:48+00:00,,569,18,6,31.61111111111111,,1,1,0,0,0,1,3
36faff87fc1c08d12964d15ff9b87127,0,2024-02-21 23:01:42+00:00,,29,1,4,29.0,,1,0,1,0,0,0,2
3704cbcf0f43316e8c20aaaa188e956c,0,2024-03-07 01:14:30+00:00,,1,1,1,1.0,,0,0,0,0,0,1,1
3741a3dd81f9614dd57f77c0204201f6,0,2024-03-23 10:05:10+00:00,,42,2,2,21.0,,1,0,0,0,0,0,1
376b786557fd2f5f48053bc7670b4cdc,0,2024-01-17 20:37:10+00:00,,198,2,3,99.0,,1,0,0,0,0,0,1
37770a9be202276cccc8663117351cb2,0,2024-02-23 19:16:41+00:00,,13,1,3,13.0,,1,0,0,0,0,0,1
37a39bc74dd6ec81766fe8075f62de07,0,2024-03-13 06:44:53+00:00,,18,1,2,18.0,,1,0,0,0,0,1,2
37c53ae0608690cd09d1b2537f01ae9a,0,2024-02-27 10:18:06+00:00,,113,22,5,5.136363636363637,,1,1,0,0,0,1,3
37c77264896852707387f771311502f2,0,2024-03-19 10:56:36+00:00,,31,2,2,15.5,,1,0,0,0,0,1,2
37cbd6507565506fa3b630e9a7f89f12,0,2024-03-03 20:52:30+00:00,,13,1,2,13.0,,1,0,0,0,0,1,2
37eec7c87a2f1369c28aeee3a657938e,0,2024-01-16 15:33:51+00:00,,33,2,5,16.5,,1,0,1,0,0,0,2
38075cca95ab83bd978470b605c2aa7a,0,2024-02-12 14:59:43+00:00,,8,3,1,2.6666666666666665,,0,0,0,0,0,1,1
381ee81e94f1409e89aa41b8c19057d8,0,2024-03-10 19:40:04+00:00,,2,1,1,2.0,,0,0,0,0,0,1,1
3827abcc7550931fafbccfe018a7faa0,0,2024-03-12 19:35:20+00:00,,6,1,2,6.0,,1,0,0,0,0,1,2
38382b139748661f7998102d6fa36c59,1,2024-01-05 16:49:17+00:00,2024-02-11 16:51:21+00:00,24,2,3,12.0,37.00143518518519,1,0,0,0,0,0,1
386d1f802cb0a676120b7cb4917fa6d8,0,2024-02-14 01:25:49+00:00,,10,2,2,5.0,,0,1,0,0,0,1,2
3879fd5c14cac65384df2f97ceedee79,0,2024-01-09 12:02:19+00:00,,3,1,2,3.0,,1,0,0,0,0,1,2
3884605b9549fb2c5d8e6f8406f2a04a,0,2024-03-29 20:34:17+00:00,,7,2,1,3.5,,0,0,0,0,0,1,1
38a309092afd9b6da40f95514d3795af,1,2024-01-11 11:38:04+00:00,2024-02-10 12:02:24+00:00,3,1,1,3.0,30.016898148148147,1,0,0,0,0,0,1
38a790cbe120ed298f510ba04526231b,0,2024-01-08 09:00:45+00:00,,18,2,2,9.0,,1,0,0,0,0,0,1
38f0e5f3d271e6620bcecd25704365bb,0,2024-02-23 06:52:44+00:00,,3,1,1,3.0,,1,0,0,0,0,0,1
38f1dd36ec6de594b74af2e517d76a53,1,2024-01-15 16:33:19+00:00,2024-02-17 16:34:29+00:00,3,1,1,3.0,33.00081018518519,1,0,0,0,0,0,1
38f20af04c00f4349ac0d1966ceb8657,1,2024-02-10 20:45:22+00:00,2024-03-02 20:46:31+00:00,2,1,1,2.0,21.00079861111111,1,0,0,0,0,0,1
390596a278187083495d6710210bfaa7,0,2024-01-27 16:06:53+00:00,,55,2,2,27.5,,1,0,0,0,0,1,2
390783c37381799f490c4979f691655c,0,2024-03-03 12:07:02+00:00,,1453,30,18,48.43333333333333,,1,1,1,1,0,1,5
391ecc7e47391e527add5f08068c997a,0,2024-03-24 17:25:52+00:00,,452,4,5,113.0,,1,0,0,1,0,1,3
3942a6135046ef9bb7dc157ca170e03a,0,2024-01-13 00:26:18+00:00,,14,1,1,14.0,,1,0,0,0,0,0,1
3974f6173d17a85c952e38bb9235a0a1,0,2024-02-26 06:32:37+00:00,,4,1,2,4.0,,1,0,0,0,0,0,1
39833499fe1e254cc5d7672747b60cfd,0,2024-02-08 01:15:49+00:00,,8,6,1,1.3333333333333333,,0,0,0,0,0,1,1
399ce372056a542fdd53e6d199f85589,1,2024-02-18 19:53:27+00:00,2024-03-09 20:01:02+00:00,30,2,5,15.0,20.005266203703705,1,1,1,0,0,1,4
39adf22f2db2d9f6e7147eac62fef276,0,2024-01-14 19:33:07+00:00,,10,1,2,10.0,,1,0,0,0,0,1,2
39bcba1179835b23af28f40eb7a40ea4,0,2024-03-20 15:32:21+00:00,,9,1,1,9.0,,1,0,0,0,0,0,1
39ee224053de226dbfbe0ca7c7f65bb9,1,2024-03-01 10:39:23+00:00,2024-04-02 11:22:54+00:00,3,1,2,3.0,32.03021990740741,1,0,0,0,0,0,1
39fb141dd7373523f1207de40fbac150,0,2024-01-17 12:31:25+00:00,,2,1,2,2.0,,1,0,0,0,0,0,1
39feed385f23299de6d459fde1be1d6f,0,2024-03-01 01:35:03+00:00,,7,2,3,3.5,,1,0,0,0,0,1,2
3a124fc21f3c03f54a74beeb04082f49,0,2024-01-15 13:56:57+00:00,,18,4,3,4.5,,1,1,0,0,0,1,3
3a1d8731ae4d315bdc9be6832cff3d0c,1,2024-01-09 19:28:02+00:00,2024-02-08 19:50:44+00:00,275,18,3,15.277777777777779,30.015763888888888,1,1,0,0,0,1,3
3a2680d218deb187e9b031fc6242ff0e,0,2024-02-15 10:27:50+00:00,,2,1,1,2.0,,1,0,0,0,0,0,1
3a31a30ad7d30da6f98ce429e47445c5,1,2024-03-14 21:52:41+00:00,2024-04-09 21:54:44+00:00,5,1,2,5.0,26.00142361111111,1,0,0,0,0,0,1
3a5236cd9e9f5d115c62385c76717e33,0,2024-02-03 05:58:24+00:00,,1,1,1,1.0,,0,0,0,0,0,1,1
3a5acf87a927536f76490fc8a507e17b,0,2024-01-01 20:49:51+00:00,,198,21,7,9.428571428571429,,1,1,0,1,0,1,4
3a6adc16bf91a0ab56338955b0c5cac0,0,2024-01-14 11:58:37+00:00,,33,1,3,33.0,,1,0,0,1,0,0,2
3aa3c46d090995b93e5c8e416ef1b1d8,0,2024-03-12 18:04:28+00:00,,8,3,1,2.6666666666666665,,0,0,0,0,0,1,1
3ab4252eb47336bae37d438bf50e725a,0,2024-01-09 13:35:47+00:00,,4,1,1,4.0,,1,0,0,0,0,0,1
3ac4676efe2fd2c2ee39d35fc528f2c4,1,2024-02-02 08:28:20+00:00,2024-03-01 08:31:42+00:00,5,1,2,5.0,28.00233796296296,1,0,0,0,0,1,2
3ad51b871b7721d0461899e87b45e2a2,0,2024-03-14 14:25:30+00:00,,5,1,1,5.0,,1,0,0,0,0,0,1
3ad73afbbc3c36c1a9f1e326ee3b303f,0,2024-01-10 12:50:32+00:00,,1,1,1,1.0,,1,0,0,0,0,0,1
3adbb7c167367d71ef28398bb04ced02,1,2024-02-05 13:17:08+00:00,2024-04-01 12:48:59+00:00,11,2,2,5.5,55.98045138888889,1,0,0,0,0,1,2
3adfab009962bdf2bab956854447bef0,0,2024-01-14 13:44:26+00:00,,1,1,1,1.0,,0,0,0,1,0,0,1
3af4c4a48a8cd8e9ac586b594e8b6f17,0,2024-02-08 12:52:26+00:00,,170,13,7,13.076923076923077,,1,1,1,1,0,1,5
3aff86430e51e2d82f5bd4d1662759d0,0,2024-03-20 07:55:24+00:00,,53,3,5,17.666666666666668,,1,0,0,1,0,1,3
3b0dac0d8061589ce0931ac5ded4111d,1,2024-02-26 11:18:31+00:00,2024-03-22 11:31:03+00:00,16,1,3,16.0,25.008703703703702,1,0,0,0,0,0,1
3b190393e943cd790e4d0c345b605c0d,0,2024-02-19 12:02:08+00:00,,4,1,1,4.0,,1,0,0,0,0,0,1
3b2f3db97ddc1712ab8acf7d7af57760,0,2024-03-02 10:39:57+00:00,,1,1,1,1.0,,1,0,0,0,0,0,1
3b459ddcb34f82e7fd4e4cc4b1d207b4,1,2024-03-14 22:42:31+00:00,2024-04-01 22:44:45+00:00,2,1,1,2.0,18.001550925925926,0,0,0,0,0,1,1
3b45f2b684703c4d936eb136b00d5fae,0,2024-02-04 18:29:46+00:00,,1,1,1,1.0,,0,0,0,0,0,1,1
3b4928992a1ec88f566a20b25ccbb8bc,0,2024-02-13 23:18:53+00:00,,443,27,7,16.40740740740741,,1,1,0,0,0,1,3
3b5f82bb225f2b19d15cbfb5f661624f,0,2024-02-15 17:57:14+00:00,,6,1,1,6.0,,1,0,0,0,0,0,1
3b90701ee7c8529c8f77bc96f3b37afa,0,2024-03-27 15:48:09+00:00,,34,3,7,11.333333333333334,,1,1,0,1,0,1,4
3b92b9c9e0c5f2dd0b450025c1991106,0,2024-03-04 18:25:28+00:00,,44,1,4,44.0,,1,1,0,0,0,1,3
3b93943e6b08171596eea454b0ac2c90,0,2024-03-29 00:22:50+00:00,,6,1,2,6.0,,1,0,0,0,0,1,2
3b97760b73ef1553594ed756059125fa,0,2024-03-20 22:29:49+00:00,,4,1,3,4.0,,1,0,0,0,0,1,2
3ba0dddb36dccc5a3b9a05560976524f,1,2024-02-12 10:47:41+00:00,2024-03-24 11:07:22+00:00,151,5,2,30.2,41.01366898148148,1,0,0,0,0,0,1
3ba6c2eafa304913d660cd9cc57f975d,0,2024-02-19 07:24:14+00:00,,18,2,4,9.0,,1,1,0,0,0,1,3
3baa890965eacf3b11eb2479280f4fa2,0,2024-01-23 18:07:53+00:00,,6,2,1,3.0,,1,0,0,0,0,0,1
3bc717207f8795fced58e150317279bd,0,2024-03-17 17:04:23+00:00,,1,1,1,1.0,,1,0,0,0,0,0,1
3bccbfc805ed21ac7468c2aad622dfa5,0,2024-01-18 11:07:54+00:00,,6,1,2,6.0,,1,0,0,0,0,1,2
3bd9f7fcd2c5fd2a4d3f4670343a1656,1,2024-01-22 19:55:30+00:00,2024-03-07 19:57:40+00:00,6,1,1,6.0,45.00150462962963,1,0,0,0,0,0,1
3bddee6252fc97cdb5566503e10e52a8,0,2024-01-05 15:36:32+00:00,,2,1,1,2.0,,1,0,0,0,0,0,1
3be7d9d4594065abe9d17af7fc7b8383,0,2024-03-12 09:06:50+00:00,,1,1,1,1.0,,1,0,0,0,0,0,1
3c2b670afa3156936b5f25361310e384,0,2024-02-15 17:49:48+00:00,,10,1,3,10.0,,1,0,0,0,0,1,2
3c482b107ebcd79c4708efc6f494440e,1,2024-01-02 10:10:06+00:00,2024-02-11 10:13:36+00:00,3,1,1,3.0,40.002430555555556,1,0,0,0,0,0,1
3c5e779d68fbde929004007d5590376d,0,2024-02-26 18:00:06+00:00,,2,1,1,2.0,,1,0,0,0,0,0,1
3c6aa62236dabb9908e016c42e03b91e,0,2024-03-13 20:50:31+00:00,,1399,30,12,46.63333333333333,,1,1,0,1,0,1,4
3ca8de1ba1a9f5e65245239125661a0c,0,2024-02-07 21:35:13+00:00,,5,1,1,5.0,,1,0,0,0,0,0,1
3ce5a5b7dd03ddf5eb5e9403109d04bb,0,2024-02-20 20:02:08+00:00,,11,1,3,11.0,,1,0,0,0,0,0,1
3cf5ef5523df6881a577f109e8b12ea7,0,2024-03-26 20:40:42+00:00,,9,1,1,9.0,,1,0,0,0,0,0,1
3cf7cc8df0c55891fd1918d9937b82a2,0,2024-02-20 23:36:06+00:00,,279,26,4,10.73076923076923,,1,1,0,0,0,1,3
3d11ca9cec54f5ddd58ba3e483fa4a3a,1,2024-02-10 15:39:03+00:00,2024-03-11 15:48:43+00:00,181,7,5,25.857142857142858,30.00671296296296,1,0,0,0,0,1,2
3d3fcfa15abeb2f44fa2f38f914a472f,0,2024-01-23 11:16:44+00:00,,19,1,3,19.0,,1,0,0,0,0,0,1
3d58206749021ea4ac0dfb61f7ae91e2,0,2024-01-09 07:16:48+00:00,,11,4,2,2.75,,1,0,0,0,0,1,2
3d5cd2581e2093c34312f19e77cfeef0,0,2024-03-21 18:05:11+00:00,,3,1,1,3.0,,1,0,0,0,0,0,1
3d5e90b4dec2e3dce332d98df7c1eb84,0,2024-03-25 20:38:21+00:00,,1082,29,10,37.310344827586206,,1,1,1,1,0,1,5
3d6c4229c1ccba77b70109c0c89e4530,0,2024-02-05 08:47:28+00:00,,2,1,2,2.0,,1,0,0,0,0,0,1
3d72226351b743f0e530625927c8fbbe,1,2024-03-12 20:15:46+00:00,2024-04-19 09:55:20+00:00,45,3,4,15.0,37.569143518518516,1,0,0,0,0,0,1
3d7e61a65aa9579f53ce02a3b779acae,0,2024-03-22 13:48:29+00:00,,1073,25,18,42.92,,1,1,1,1,1,1,6
3db39436d282065658dea878ee23d5df,0,2024-01-16 12:54:07+00:00,,2,1,2,2.0,,1,0,0,0,0,1,2
3e0f3b76bfe286c7c25a292742dbcdc5,0,2024-02-11 11:22:32+00:00,,341,19,9,17.94736842105263,,1,1,1,1,0,1,5
3e11cdaaf869e22c7d492802e96b0c06,0,2024-02-23 15:09:59+00:00,,6,1,2,6.0,,1,0,0,0,0,0,1
3e51a250d835d898dc0265af3adf9488,1,2024-02-16 17:25:38+00:00,2024-03-04 19:17:02+00:00,2,1,1,2.0,17.07736111111111,1,0,0,0,0,0,1
3e53d1d0c2d2e0b98d5af211d7fa08d0,1,2024-02-12 22:42:35+00:00,2024-03-06 22:44:51+00:00,5,1,3,5.0,23.001574074074075,1,0,0,0,0,0,1
3e67f088d9f15d613855134bac136a8f,0,2024-03-17 22:06:24+00:00,,6,1,1,6.0,,1,0,0,0,0,0,1
3e6dac96321ef79b4bc5d483f27a34bd,0,2024-01-22 18:12:08+00:00,,9,1,1,9.0,,1,0,0,0,0,0,1
3e851a75b56c8dcb5251ff13b31378c0,0,2024-03-01 06:32:42+00:00,,9,1,2,9.0,,1,0,0,0,0,1,2
3e92b6be8edbbd27389787ab032fe78e,0,2024-01-15 10:08:59+00:00,,2,1,2,2.0,,1,0,0,0,0,0,1
3ea39686736ebddf0397439d0bfca9a7,0,2024-02-29 11:16:04+00:00,,1,1,1,1.0,,1,0,0,0,0,0,1
3ea7870ade3213603d609b808f35582a,0,2024-02-05 14:02:12+00:00,,3,1,1,3.0,,1,0,0,0,0,0,1
3eafe5a7fb996bc93b22cf6a9bb54082,0,2024-01-22 16:04:45+00:00,,166,30,5,5.533333333333333,,1,1,0,0,0,1,3
3ede43f8ddc72c69637bcceda35cedb6,1,2024-02-21 00:35:09+00:00,2024-03-13 00:40:08+00:00,13,1,2,13.0,21.00346064814815,1,0,0,0,0,1,2
3ef51995da8403bffbd05361e2a43e8f,0,2024-01-21 21:29:17+00:00,,23,1,1,23.0,,0,0,0,0,0,1,1
3ef9efb31a8b83fb8af6db477ccd4d54,1,2024-01-12 01:30:47+00:00,2024-02-08 01:36:51+00:00,4,1,2,4.0,27.004212962962963,1,0,0,0,0,1,2
3f14a47847fb42bbc7dc119e7e1ef588,0,2024-01-03 20:40:06+00:00,,603,27,6,22.333333333333332,,1,1,0,1,0,1,4
3f19f70e3c54ea5f1cb4ff375d50426a,0,2024-02-28 17:23:38+00:00,,4,1,1,4.0,,1,0,0,0,0,0,1
3f27592fbe33dd77ff67b2494aa8cb9d,1,2024-01-08 11:22:53+00:00,2024-02-06 11:26:39+00:00,2,1,1,2.0,29.00261574074074,1,0,0,0,0,0,1
3f39c9363df5e89487a31ffb5aecb38e,0,2024-03-26 17:17:30+00:00,,959,27,11,35.51851851851852,,1,1,1,1,0,1,5
3f627906a6f490ff1fd6cfc365576e1e,0,2024-01-16 15:52:28+00:00,,2,1,1,2.0,,0,0,0,0,0,1,1
3f6889e52f887c8203499fb31658e96f,0,2024-03-15 13:56:59+00:00,,1,1,1,1.0,,1,0,0,0,0,0,1
3f74d1e31ade418f6162d52c181a81c2,0,2024-03-15 04:58:49+00:00,,1,1,1,1.0,,1,0,0,0,0,0,1
3f8a762206935dad5792c4a4fc5354e9,0,2024-02-22 13:05:53+00:00,,13,1,2,13.0,,1,0,0,0,0,1,2
3f946657e3236f2ff7bf6fab8530ba80,0,2024-03-04 08:23:38+00:00,,1,1,1,1.0,,1,0,0,0,0,0,1
3f94e3f667647b1662c2adbb58c69a8d,1,2024-03-01 19:34:08+00:00,2024-03-29 19:45:41+00:00,6,1,2,6.0,28.008020833333333,0,1,0,0,0,1,2
3fdb09320238e109ace6bd2e812aba71,1,2024-01-30 21:29:31+00:00,2024-02-18 21:41:23+00:00,2,1,1,2.0,19.008240740740742,1,0,0,0,0,0,1
3ffa2c1a92505bdd41a05ee7df375363,0,2024-03-13 17:42:07+00:00,,96,7,6,13.714285714285714,,1,1,0,1,0,1,4
3fff3c23e71c3ede932006c9b31a7124,0,2024-01-20 17:33:19+00:00,,5,1,1,5.0,,0,0,0,0,0,1,1
4021dbe5338de710ab82439bc41bdc5f,0,2024-01-04 16:50:13+00:00,,3,1,1,3.0,,1,0,0,0,0,0,1
40277f48110de00f7e01ea38dfbb8026,1,2024-02-21 22:42:52+00:00,2024-03-27 22:44:42+00:00,6,1,2,6.0,35.00127314814815,1,0,0,0,0,0,1
403122439df7d6d5b6bffd8f30b88d01,0,2024-02-28 19:31:00+00:00,,4,1,2,4.0,,1,0,0,0,0,0,1
40543426ed74dc1e6d29ceff87986f57,0,2024-02-09 21:33:29+00:00,,7,2,1,3.5,,0,0,0,0,0,1,1
406f5170cd46e0ffe30655ce0189de59,0,2024-03-29 15:57:22+00:00,,434,26,12,16.692307692307693,,1,1,0,1,0,1,4
4079d96c35b3cedd53710d49023dee1f,0,2024-02-20 08:10:19+00:00,,63,7,4,9.0,,1,0,0,1,0,0,2
40894978759ca08931fbc95806b44c63,0,2024-01-15 20:09:12+00:00,,4,1,2,4.0,,1,0,0,0,0,0,1
408ee78438434d4f8767ed34e9af7fa5,0,2024-03-22 13:09:39+00:00,,4,1,2,4.0,,1,0,0,1,0,0,2
409bf41c504aea7c62966498beb1f011,0,2024-01-05 11:39:51+00:00,,187,6,4,31.166666666666668,,1,0,0,0,0,0,1
40a5a196371eb3450f84eabfe93c60d0,1,2024-03-04 08:08:34+00:00,2024-03-25 08:13:34+00:00,1,1,1,1.0,21.00347222222222,1,0,0,0,0,0,1
40b3483cf39f953bcd2e801d594d4f56,0,2024-01-18 17:33:59+00:00,,2,1,1,2.0,,0,0,0,0,0,1,1
40f89844a323c08fc4c6c43c207a0fe7,1,2024-03-30 17:13:29+00:00,2024-05-08 17:14:55+00:00,3,1,1,3.0,39.00099537037037,1,0,0,0,0,0,1
4107751a27d6ded4c54b55647fcaab5d,0,2024-03-25 19:24:43+00:00,,48,1,3,48.0,,1,0,0,0,0,1,2
410fea71022afb1ee2f706b42dbffb18,1,2024-01-24 12:12:43+00:00,2024-02-16 12:19:25+00:00,5,1,2,5.0,23.00465277777778,1,0,0,0,0,1,2
41223f0d1a7600f2c266b93c3a8553b0,0,2024-03-04 20:01:38+00:00,,1,1,1,1.0,,0,0,0,0,0,1,1
41629bc660717554fc6d57388da0e6be,1,2024-01-17 13:18:29+00:00,2024-02-10 13:28:24+00:00,2,1,1,2.0,24.006886574074073,1,0,0,0,0,0,1
416b28f07cdbdf3630e3e8f4d828d814,0,2024-02-29 22:01:17+00:00,,4,1,2,4.0,,1,0,0,0,0,0,1
4183b60237fb8f2854f3cc8a0e2566d1,1,2024-02-14 17:04:32+00:00,2024-03-25 19:27:38+00:00,20,2,5,10.0,40.099375,1,1,0,0,0,1,3
41872c2ea49d7611135527b101064dbc,0,2024-01-29 12:32:27+00:00,,2,1,1,2.0,,1,0,0,0,0,0,1
41a29f0a4d6bf5cec05a6011f6983ba1,0,2024-03-22 16:00:07+00:00,,1,1,1,1.0,,1,0,0,0,0,0,1
41b539360f36d6d28f08304293ace5b4,0,2024-01-09 20:38:27+00:00,,14,1,1,14.0,,1,0,0,0,0,0,1
41c4a2ad301a86567c2a58897578af6c,0,2024-01-14 19:39:33+00:00,,2,1,2,2.0,,0,1,0,0,0,1,2
41f84c287a32f1f129a58786272b4870,0,2024-02-13 01:59:54+00:00,,31,3,1,10.333333333333334,,1,0,0,0,0,0,1
424e1adcd92d905faa7269fcaa010e23,0,2024-01-08 03:33:53+00:00,,272,14,4,19.428571428571427,,1,0,0,0,0,1,2
425007adc0a4965f98663f8069b656b4,0,2024-01-25 10:20:29+00:00,,3,1,1,3.0,,1,0,0,0,0,0,1
425aaa26eb80967c6cd672589e43c765,0,2024-03-27 08:44:16+00:00,,157,8,10,19.625,,1,1,0,1,0,1,4
426394d2a914aff2c35a6b7509fdaaf1,0,2024-01-17 15:07:55+00:00,,3,1,2,3.0,,1,0,0,0,0,0,1
4272aec621eaf5962410b0a3f8b90af0,0,2024-03-08 14:09:57+00:00,,4,1,2,4.0,,1,0,0,0,0,0,1
42a6bf4b9015786c2a016fb7c0971a11,0,2024-03-10 18:51:38+00:00,,1532,19,8,80.63157894736842,,1,1,0,1,0,1,4
42a99d938566d4c2457f8adf4c892fc1,1,2024-01-02 10:36:39+00:00,2024-02-16 10:40:18+00:00,10,1,2,10.0,45.00253472222222,1,0,0,0,0,0,1
42dbc1b80837e95f5e3ef0026323f756,0,2024-01-17 15:27:59+00:00,,3,1,2,3.0,,1,0,0,0,0,1,2
42e679b567d0a486e8f3fdffc724a425,0,2024-03-28 19:21:47+00:00,,9,1,1,9.0,,1,0,0,0,0,0,1
42fd8c7197573b0bc8a605e273635d1a,1,2024-01-12 08:15:26+00:00,2024-02-06 08:40:25+00:00,4,1,2,4.0,25.01734953703704,0,1,0,0,0,1,2
430fafd7c00672fb457b90822b9e2cef,0,2024-01-28 12:49:15+00:00,,3,1,1,3.0,,0,0,0,0,0,1,1
432c7a0051e8b9d2fa19f92362924164,0,2024-03-18 19:04:52+00:00,,355,28,11,12.678571428571429,,1,1,0,1,0,1,4
43540ff4b8412bc9ab648fb11c2cc251,0,2024-01-02 19:44:59+00:00,,583,28,5,20.821428571428573,,1,0,0,1,0,1,3
4378b3cfc6e3f51cd0b7dabc21f7d991,0,2024-01-31 12:54:16+00:00,,4,1,2,4.0,,1,0,0,0,0,0,1
437a35a81363c605a2cb9554799f911b,1,2024-01-04 20:56:57+00:00,2024-02-04 21:03:23+00:00,29,1,4,29.0,31.004467592592594,1,0,0,1,0,1,3
4384a9cd3716e66d1d4f22a9db9e36a6,0,2024-02-07 14:29:39+00:00,,20,1,3,20.0,,1,0,0,0,0,1,2
43a10a6f38a7ab66c80d5995189773be,1,2024-02-16 10:12:03+00:00,2024-03-19 16:26:04+00:00,10,2,1,5.0,32.259733796296295,1,0,0,0,0,0,1
43a27eef5db2f6c616fa71a789d49016,0,2024-02-20 13:35:59+00:00,,2,1,1,2.0,,1,0,0,0,0,0,1
43ac34e8dc0ad3f2d587f7449f7ee188,1,2024-03-11 14:00:04+00:00,2024-04-03 14:23:55+00:00,13,1,1,13.0,23.0165625,1,0,0,0,0,0,1
43bd076ec0568a355a5c994b0b400082,0,2024-03-04 10:43:49+00:00,,46,1,2,46.0,,1,0,0,0,0,0,1
43c57ca44b3f96cf5f806fbe2f17954b,0,2024-03-29 00:27:44+00:00,,3,2,2,1.5,,1,0,0,0,0,0,1
43f092b5077d04c86290baf1126bab22,0,2024-01-31 19:55:58+00:00,,1,1,1,1.0,,1,0,0,0,0,0,1
43f4239207f08089fd3407d94b641c37,1,2024-01-13 11:31:03+00:00,2024-02-08 11:36:50+00:00,20,1,2,20.0,26.004016203703703,1,0,0,0,0,0,1
44012156f7cea4375db87abdd6f16bdf,0,2024-03-02 00:44:47+00:00,,3,1,1,3.0,,1,0,0,0,0,0,1
4404a79b8e34ef1a1dd595f2d1c4097c,0,2024-03-29 13:35:45+00:00,,2,1,1,2.0,,0,0,0,0,0,1,1
440eeb91cb9533101b1c7773888b1b78,1,2024-01-29 23:49:21+00:00,2024-03-02 23:55:05+00:00,11,4,3,2.75,33.00398148148148,1,1,0,0,0,1,3
442179b9340de14a29c724c1d0035ecc,0,2024-02-10 17:50:41+00:00,,1,1,1,1.0,,1,0,0,0,0,0,1
44253fa2ecfd03c3e81b3dc07231bdd8,0,2024-02-01 12:33:38+00:00,,3,1,2,3.0,,1,0,0,0,0,1,2
4464c098e35573cf971f12b8192f9afb,0,2024-02-19 13:44:12+00:00,,3,1,2,3.0,,1,0,0,0,0,0,1
446f68218a9dc9e5dd4dc692b6e28371,0,2024-01-05 13:47:05+00:00,,17,1,2,17.0,,1,0,0,0,0,1,2
4470350d7805a727e882371013d98dfa,0,2024-01-11 05:11:40+00:00,,2,1,1,2.0,,1,0,0,0,0,0,1
44850ec746ed3c15ce774dac707da6d5,0,2024-03-27 10:18:46+00:00,,5,1,2,5.0,,1,0,0,0,0,1,2
449d19487857f6838cd8ec87dff4e778,1,2024-01-29 10:38:54+00:00,2024-03-12 10:44:37+00:00,3,1,2,3.0,43.00396990740741,1,0,0,0,0,1,2
44a0f9e741c25771481b186fcfd538b6,1,2024-01-05 01:12:15+00:00,2024-01-31 01:14:37+00:00,7,2,3,3.5,26.00164351851852,1,0,0,0,0,1,2
44abbeb9a1d1e1a4d9445207c2d65973,0,2024-02-06 14:44:41+00:00,,7,1,1,7.0,,1,0,0,0,0,0,1
44b866c5dc09b0e1137e3c372d8bc21c,0,2024-01-28 22:10:05+00:00,,2,1,2,2.0,,1,0,0,0,0,0,1
44db5cdc15ddb0476f97d7118990bbda,0,2024-02-09 04:35:00+00:00,,11,1,1,11.0,,1,0,0,0,0,0,1
44fcbfd76db144103bb84ed44dbc9619,0,2024-02-22 11:01:09+00:00,,1626,22,11,73.9090909090909,,1,1,1,1,1,1,6
450451badb9f5b22a95ae35312d678f9,0,2024-03-14 00:53:44+00:00,,2,1,2,2.0,,1,0,0,0,0,0,1
4527f1f739767e47580294836eecaee7,0,2024-02-07 13:05:14+00:00,,2,1,1,2.0,,0,0,0,0,0,1,1
453198cc5b7dd4117c13aa1adb1db4e6,0,2024-01-20 15:59:06+00:00,,5,1,1,5.0,,0,0,0,0,0,1,1
4552ea775dc43498505635641cebfc89,0,2024-02-11 20:57:14+00:00,,8,1,1,8.0,,1,0,0,0,0,0,1
45905339b4f0f1708c4b19a3484fd0aa,0,2024-01-15 08:27:05+00:00,,2,1,1,2.0,,0,0,0,0,0,1,1
4597984b3f2b632a0ab982f4aa31979c,0,2024-02-01 01:00:55+00:00,,2,1,1,2.0,,1,0,0,0,0,0,1
45a468196b54d01634e73a6dc81e1854,0,2024-02-22 11:23:49+00:00,,10,3,3,3.3333333333333335,,1,0,0,0,0,1,2
45adc71e0b017ec4cc78543e495f577e,0,2024-03-27 13:08:25+00:00,,2,1,2,2.0,,1,0,0,1,0,0,2
45eb5ff53d41f172f3b2240f9e3d1ccc,0,2024-03-04 21:17:20+00:00,,6,1,2,6.0,,1,0,0,0,0,0,1
4618df022363f17eebde962d6832cde0,0,2024-03-21 10:38:45+00:00,,16,1,3,16.0,,1,0,0,0,0,1,2
46256a0284a39237cd4364fbf7a1c4a9,0,2024-02-19 16:17:57+00:00,,11,2,5,5.5,,1,1,0,0,0,1,3
4638576b0a02be4206badc3863f50859,0,2024-01-09 16:29:52+00:00,,28,10,4,2.8,,1,1,0,0,0,1,3
46ddea6eb6927763a283e3e2796d1fa3,0,2024-01-18 21:31:47+00:00,,19,1,2,19.0,,1,0,0,0,0,1,2
46e22921b9d196dd86dba32edbdd8204,0,2024-02-14 14:49:32+00:00,,4,1,1,4.0,,1,0,0,0,0,0,1
472339bb03be9c92305f1c107f7bef1e,0,2024-02-14 19:57:58+00:00,,17,3,5,5.666666666666667,,1,1,0,0,0,0,2
47237ad21227099e72023701ac25f341,0,2024-03-12 10:55:27+00:00,,3,1,2,3.0,,1,0,0,0,0,1,2
47520d17aab9387b0c0e5c51fd1f37fd,0,2024-01-09 10:06:32+00:00,,56,2,2,28.0,,1,0,0,0,0,0,1
4759698d919d34b1694d17d12448f618,0,2024-02-20 23:05:44+00:00,,14,2,5,7.0,,1,0,0,0,0,1,2
47730246ce3d4c286df94b3bbeeb8bfe,0,2024-02-02 23:58:00+00:00,,1,1,1,1.0,,1,0,0,0,0,0,1
479830f2d7510005b005c1da7c4d6aaa,0,2024-03-02 12:06:24+00:00,,12,3,4,4.0,,1,0,0,1,0,0,2
47c77afa03f6aab8c63dc8b51f314d71,0,2024-02-18 22:35:30+00:00,,853,30,5,28.433333333333334,,1,1,0,1,0,1,4
47eb38fe0d4e39e4181cc79c0ffae062,0,2024-02-01 18:23:02+00:00,,2,1,1,2.0,,0,0,0,0,0,1,1
47f991c005837bb62921341a5bf19f2d,0,2024-03-16 12:02:10+00:00,,1,1,1,1.0,,1,0,0,0,0,0,1
47fd768136710166bdd61cace45c54b4,0,2024-02-18 15:11:17+00:00,,39,2,4,19.5,,1,1,0,0,0,1,3
481219cfbb96a9160e9da8385cce0d2f,0,2024-03-17 15:58:33+00:00,,2,1,1,2.0,,0,0,0,0,0,1,1
4814cfc55672924663ab7217fc7753e8,0,2024-02-07 20:46:51+00:00,,35,3,3,11.666666666666666,,1,1,0,0,0,1,3
48359d696eb97e4229d4c1cc4f877ea0,0,2024-02-23 07:05:37+00:00,,2,1,1,2.0,,1,0,0,0,0,0,1
4855264c9b125f6a44b0e41d0ac69b43,0,2024-01-18 10:35:49+00:00,,9,1,4,9.0,,1,0,1,1,0,0,3
4857b284a54fef6f93ada72dfb3887e7,0,2024-03-13 11:43:20+00:00,,1,1,1,1.0,,1,0,0,0,0,0,1
48598a5ea58ff66d9626622be6ca353b,0,2024-01-24 06:57:48+00:00,,16,2,3,8.0,,1,1,0,0,0,1,3
485df895ab98b8336a918e0abf6dc883,0,2024-02-12 23:12:38+00:00,,20,1,4,20.0,,1,0,0,0,0,0,1
48644bd002eb9b910fb9874e382a52a5,0,2024-02-20 02:53:18+00:00,,243,25,5,9.72,,1,1,0,1,1,1,5
4882e2de3b68c4cff9a40e94587295d2,0,2024-02-23 11:19:55+00:00,,17,1,2,17.0,,1,0,0,0,0,1,2
48a33ccfb5a851d5982dcdda0776f7ac,1,2024-01-17 01:39:30+00:00,2024-02-17 01:57:47+00:00,30,1,2,30.0,31.01269675925926,1,0,0,0,0,1,2
48af894a6ab6bcb943d1d631b1d4d8cb,0,2024-03-25 14:30:22+00:00,,20,1,1,20.0,,1,0,0,0,0,0,1
48c11b65fdf38b0eb8882f4b2d922a16,1,2024-02-02 22:02:10+00:00,2024-03-15 22:57:58+00:00,8,1,2,8.0,42.03875,1,0,0,0,0,0,1
48d382e3b8d413b490ae226db06b9302,0,2024-03-26 15:28:42+00:00,,4,1,1,4.0,,1,0,0,0,0,0,1
48d486e50b4cc7740b6efdf4d5c0a17f,0,2024-02-04 23:52:01+00:00,,3,1,1,3.0,,0,0,0,0,0,1,1
48d7c381ede883bfd6dfeeb78a9f0e51,1,2024-03-22 00:20:16+00:00,2024-04-26 00:26:00+00:00,23,3,4,7.666666666666667,35.00398148148148,1,0,0,0,0,1,2
48f094fd67ff1c3c93274432dc37810d,0,2024-01-31 11:55:30+00:00,,19,1,2,19.0,,1,0,0,0,0,0,1
48f1931ef3f3b3439b1091a83e2a1bf5,0,2024-02-04 15:14:13+00:00,,18,1,4,18.0,,1,1,0,0,0,1,3
4914791cbad9bfc77471afef44a9c928,0,2024-02-03 13:25:46+00:00,,361,29,5,12.448275862068966,,1,1,0,0,0,1,3
491714c1d8ad9e4e0574c4987b63a2a8,1,2024-01-10 06:24:56+00:00,2024-02-01 01:42:05+00:00,463,9,5,51.44444444444444,21.80357638888889,1,1,0,0,0,1,3
4917482f12ad11fff6f575e7bdab56e0,0,2024-02-12 11:35:59+00:00,,1,1,1,1.0,,1,0,0,0,0,0,1
49191e059fd6899c6824a13d28538f10,1,2024-03-12 21:20:39+00:00,2024-04-16 21:28:35+00:00,4,1,1,4.0,35.005509259259256,0,0,0,0,0,1,1
492fc48940e99f7d22dd21b9e62f7a18,0,2024-03-27 02:43:35+00:00,,145,3,2,48.333333333333336,,1,0,0,0,0,0,1
4955d8ab2ca105de44e98e06a1cfd0c0,0,2024-02-20 16:11:59+00:00,,328,5,5,65.6,,1,0,0,1,0,1,3
496471048946ccac944afcef5feaadb1,0,2024-01-03 17:25:53+00:00,,7,1,1,7.0,,0,0,0,0,0,1,1
497a24918b595cde4bc41dbcedae8798,1,2024-02-05 13:53:17+00:00,2024-02-29 13:56:05+00:00,1,1,1,1.0,24.001944444444444,1,0,0,0,0,0,1
498cc671dbeb6d74ce536b31db565ffd,0,2024-01-05 15:52:30+00:00,,13,1,1,13.0,,1,0,0,0,0,0,1
49a9dc67d5f06589136733e2c88383f3,0,2024-02-20 11:40:14+00:00,,348,17,5,20.470588235294116,,1,1,0,0,0,1,3
49ef4622cc228f049f748249798d5217,0,2024-02-12 03:48:18+00:00,,1,1,1,1.0,,1,0,0,0,0,0,1
4a1601fe4bb414803815786fff5743d1,1,2024-02-06 19:34:33+00:00,2024-03-08 19:37:13+00:00,368,12,4,30.666666666666668,31.001851851851853,1,0,0,0,0,1,2
4a2769704e95a88e6b0cbe9ec42bf7c9,0,2024-03-19 14:31:51+00:00,,2,1,2,2.0,,1,0,0,1,0,0,2
4a3cb55bc4ac374a861bf7dca4d7ca32,0,2024-01-19 15:25:35+00:00,,1,1,1,1.0,,1,0,0,0,0,0,1
4a5edcae517eac32c08c54bdb5206df2,1,2024-02-05 21:45:13+00:00,2024-02-19 21:48:06+00:00,4,1,2,4.0,14.002002314814815,0,1,0,0,0,1,2
4a60b18f4efa78b555bf0e3c5857a785,0,2024-03-17 19:41:30+00:00,,4,1,2,4.0,,1,0,0,0,0,1,2
4a78b11cd6bc0701e3695eb530a29421,0,2024-03-06 15:55:02+00:00,,8,1,1,8.0,,1,0,0,0,0,0,1
4ab290eef0ff091c86270f72cd5df86f,1,2024-01-10 18:22:39+00:00,2024-02-10 18:30:31+00:00,51,12,3,4.25,31.005462962962962,1,0,0,0,0,1,2
4ab931919d2445eba99352d26f023144,1,2024-02-22 14:21:05+00:00,2024-03-27 14:24:09+00:00,5,1,1,5.0,34.00212962962963,1,0,0,0,0,0,1
4abc682bf915eb0bf8226a51d2ba07d0,1,2024-03-11 08:12:18+00:00,2024-04-18 08:17:04+00:00,56,3,4,18.666666666666668,38.003310185185185,1,0,0,1,0,0,2
4abe5c1f625e171430816e1d7907cad7,0,2024-02-13 22:05:12+00:00,,87,2,3,43.5,,1,0,0,0,0,1,2
4ae42ece704391c2d4e958e60221f955,0,2024-01-18 19:27:30+00:00,,979,30,5,32.63333333333333,,1,1,0,0,0,1,3
4aefdf8d69d2f410485dc9b858d47cb7,0,2024-01-20 17:50:37+00:00,,6,2,1,3.0,,0,0,0,0,0,1,1
4b01c9783e41c24921f80012978ed36d,1,2024-01-07 13:51:02+00:00,2024-02-05 14:00:10+00:00,89,5,5,17.8,29.006342592592592,1,1,0,0,0,1,3
4b01ecb9d8aa44925ecf03e0314e4580,0,2024-02-27 11:52:35+00:00,,4,1,1,4.0,,1,0,0,0,0,0,1
4b0693bd664186d34257634a79fea119,0,2024-02-02 22:24:24+00:00,,2,1,1,2.0,,0,0,0,0,0,1,1
4b105e49608d97e02a38da8f239b898a,0,2024-02-28 16:00:47+00:00,,63,5,3,12.6,,1,0,0,0,0,0,1
4b2afe7389af055f6c6076ccc6a06459,0,2024-01-04 16:28:35+00:00,,1,1,1,1.0,,0,0,0,1,0,0,1
4b2e0de26607f9c7f83d6a5005b2e339,0,2024-03-28 10:54:38+00:00,,1,1,1,1.0,,1,0,0,0,0,0,1
4b364ab711f1ec951eee69efb6d11f49,0,2024-02-22 15:56:37+00:00,,5,1,1,5.0,,0,0,0,0,0,1,1
4b386f1836c8c36ddbc810ec7e73388f,1,2024-03-09 10:53:00+00:00,2024-04-06 10:55:20+00:00,8,1,1,8.0,28.00162037037037,1,0,0,0,0,0,1
4b8e736fc0a7504df5092430c063ef47,0,2024-01-30 12:15:57+00:00,,14,4,2,3.5,,1,0,0,0,0,0,1
4b8e9b32546e8633e91a6b78af62e252,0,2024-02-13 08:47:07+00:00,,3,1,1,3.0,,1,0,0,0,0,0,1
4b993d0623ba70118c69ce98acb73e98,0,2024-02-02 18:35:46+00:00,,14,8,2,1.75,,1,0,0,0,0,1,2
4b9b54af89e82db07216654237d39ce1,0,2024-01-14 02:14:31+00:00,,40,1,2,40.0,,1,0,0,0,0,0,1
4b9dfe781a0e97995ee153ac8ff94e6b,1,2024-01-13 15:07:47+00:00,2024-02-07 15:21:31+00:00,92,4,2,23.0,25.00953703703704,1,0,0,0,0,0,1
4bad3acf74d4da3b7933425ff130832e,1,2024-01-02 11:20:22+00:00,2024-02-12 11:35:07+00:00,64,1,5,64.0,41.010243055555556,1,0,0,0,0,1,2
4bae414966324f389ad8dcf49701313f,1,2024-02-06 09:23:04+00:00,2024-03-02 09:59:11+00:00,342,14,5,24.428571428571427,25.02508101851852,1,1,0,0,0,1,3
4bb3721b08066a60f613213e4df60307,0,2024-03-19 11:09:03+00:00,,41,2,4,20.5,,1,0,0,1,0,1,3
4bc3b61b4e603bbe32332bcf55f47012,0,2024-01-15 14:08:03+00:00,,4,1,2,4.0,,1,0,0,0,0,0,1
4bcb87c90835559cddb05cf2cf8e42ec,0,2024-01-19 17:45:51+00:00,,48,3,4,16.0,,1,0,0,1,0,1,3
4bcc84f7cd523192606e47f4744f0168,0,2024-02-08 22:18:23+00:00,,1,1,1,1.0,,0,0,0,0,0,1,1
4bd410c237213ff8d2854324d53afe85,0,2024-02-13 11:22:05+00:00,,3,1,2,3.0,,1,0,0,0,0,0,1
4bee4b70ff70c837ed7a67846150b2f2,0,2024-03-05 09:23:29+00:00,,4,3,1,1.3333333333333333,,0,0,0,0,0,1,1
4bf4cc2916d76d5032dfd74224982060,0,2024-01-03 12:32:44+00:00,,18,1,1,18.0,,1,0,0,0,0,0,1
4c175f5a46b15452cfa0befc29a3c5b5,0,2024-01-28 15:27:54+00:00,,3,1,2,3.0,,1,0,0,0,0,0,1
4c1c7ae5c7f18fc70ae68c8a806e8054,0,2024-03-03 10:02:04+00:00,,4,2,2,2.0,,0,1,0,0,0,1,2
4c6884d39968fcf18f43b0ae12595197,0,2024-03-03 03:07:41+00:00,,3,1,2,3.0,,1,0,0,0,0,1,2
4c7ba706a51ee8d262e0f20a60148986,0,2024-03-13 16:34:00+00:00,,1,1,1,1.0,,1,0,0,0,0,0,1
4c8539d2ababe56545ebbde482dcc2c7,0,2024-02-10 00:45:28+00:00,,3,1,2,3.0,,1,0,0,0,0,0,1
4c99cc6bc1bb9870aa566f179d95f373,0,2024-03-21 18:16:18+00:00,,1,1,1,1.0,,1,0,0,0,0,0,1
4c9d1f42fbd03ac28a61181034466eba,1,2024-02-11 20:53:53+00:00,2024-03-20 20:55:18+00:00,2,1,1,2.0,38.000983796296296,1,0,0,0,0,0,1
4ca121137053b1ee41b7a6be318a6366,1,2024-03-13 15:55:20+00:00,2024-04-02 16:31:01+00:00,775,19,12,40.78947368421053,20.024780092592593,1,1,1,1,0,1,5
4cb3ded67cb7a539395ab873354a01c1,0,2024-01-10 08:38:01+00:00,,53,5,8,10.6,,1,1,0,1,0,1,4
4cb5355e3dbbfac0e212ba441df910e0,0,2024-02-08 17:55:30+00:00,,10,4,3,2.5,,1,1,0,0,0,1,3
4cc10038294a94e63cc5c4b633c91221,0,2024-03-20 13:51:31+00:00,,7,3,4,2.3333333333333335,,1,0,0,1,0,1,3
4ce5c089f29c4cb7ec42f02fe244bf43,1,2024-03-23 15:15:54+00:00,2024-04-29 15:19:35+00:00,32,2,3,16.0,37.00255787037037,1,0,0,1,0,1,3
4cec627a19fb0f7a330b025dd00b418f,0,2024-03-12 10:27:48+00:00,,4,1,1,4.0,,1,0,0,0,0,0,1
4d01e3a089fe05c5ec0e4441c58b9854,0,2024-01-30 17:15:48+00:00,,2,1,1,2.0,,0,0,0,0,0,1,1
4d05b60096c72833c50bbb41d7904a17,1,2024-02-22 17:30:24+00:00,2024-03-26 17:35:58+00:00,370,12,8,30.833333333333332,33.00386574074074,1,1,0,1,0,1,4
4d06121773a8235645d342d470b451a9,0,2024-02-01 03:00:45+00:00,,8,1,1,8.0,,1,0,0,0,0,0,1
4d3f7dcbd294d32fe93e082bc076ea0d,1,2024-03-21 20:25:46+00:00,2024-04-16 20:30:42+00:00,1,1,1,1.0,26.003425925925924,1,0,0,0,0,0,1
4d98ca4a35ce94b72b2646e5fd130316,0,2024-01-31 18:32:59+00:00,,19,1,1,19.0,,1,0,0,0,0,0,1
4da30feb0fffe72adc71f73157168bd2,0,2024-01-28 12:37:29+00:00,,28,1,1,28.0,,1,0,0,0,0,0,1
4db03cb83e83692d06d056175d0e27ce,0,2024-02-01 20:11:32+00:00,,10,1,2,10.0,,1,0,0,0,0,1,2
4dc7ec0e512ab0e462f6f2a5ebfe54f1,0,2024-03-28 00:24:50+00:00,,120,6,11,20.0,,1,1,0,1,0,1,4
4ddfd44d79d8b70c5512dad59d2be7e7,0,2024-03-26 10:20:03+00:00,,40,3,4,13.333333333333334,,1,0,0,1,0,1,3
4df2f491d3908d4367e16e3c8fd01782,0,2024-02-10 22:40:20+00:00,,2,1,2,2.0,,0,0,1,0,0,0,1
4dfdc54e2799302553ddffa4b006d9dd,0,2024-02-05 15:17:41+00:00,,34,2,5,17.0,,1,1,0,0,0,1,3
4e00f3c071ee0903bc5f0123cf6bcf57,0,2024-02-02 09:50:21+00:00,,91,1,1,91.0,,1,0,0,0,0,0,1
4e03db56b8cad5be5bf59fdac60a5af1,1,2024-02-29 21:25:49+00:00,2024-03-19 22:07:32+00:00,2794,29,10,96.34482758620689,19.028969907407408,1,1,0,1,0,1,4
4e213413f2848eecff2dbb63e456a770,0,2024-03-13 21:16:11+00:00,,9,1,1,9.0,,1,0,0,0,0,0,1
4e44f506184abb41230dca9183e0dfde,1,2024-01-15 15:09:35+00:00,2024-02-03 15:12:28+00:00,107,9,4,11.88888888888889,19.002002314814813,1,1,0,0,0,1,3
4e76bb8e72c66ac1020407778635938f,0,2024-01-23 12:48:57+00:00,,137,1,3,137.0,,1,0,0,0,0,0,1
4e7e4c7bd153b3e8728e7be9e717071b,0,2024-03-11 12:47:05+00:00,,7,1,1,7.0,,1,0,0,0,0,0,1
4e900f739ad1a3cc11c0bc2ad85db6ff,0,2024-02-08 08:18:17+00:00,,84,1,1,84.0,,1,0,0,0,0,0,1
4eb736e6ff7851d301ae68a6aa37081a,0,2024-01-04 12:07:40+00:00,,36,8,4,4.5,,1,0,1,0,0,1,3
