organization_id,time_to_convert_days
341364db6109d838d57a68b12524e70e,14.001458333333334
4a5edcae517eac32c08c54bdb5206df2,14.002002314814815
14bf8030659356e89ca8a5f602abfed7,14.012326388888889
024847dac7c181bcb49c774b053ef892,15.000949074074073
17b1640beaeea58e359203746d1be695,16.00144675925926
072463c6e1f2f4dfa7b3fc8b8662c60d,17.000891203703702
03f5b05fccdf685c1040367c49a93151,17.00115740740741
201891438e131d7b6d0898f8cca7272c,17.00233796296296
1f8aebbfdbc381d83e6d9276ee93f4af,17.002604166666668
3612595b5d2d1c6d70a3942a93417e47,17.003090277777776
3e51a250d835d898dc0265af3adf9488,17.07736111111111
17b714b62c9a0a2317b063eec659368f,17.08079861111111
30d53284f17bcf109c5d334b1dbb0727,18.001145833333332
3b459ddcb34f82e7fd4e4cc4b1d207b4,18.001550925925926
29096dbb7d839bd82d4149326b44b9ef,18.00199074074074
2b85102fdccad7c8b63c3a8526330178,18.012372685185184
2888a9b7a80cf63feb6c5f784a4a39eb,18.01388888888889
4e44f506184abb41230dca9183e0dfde,19.002002314814813
20018b8013d7bff350cb78f1190cc965,19.004143518518518
2790d798ac14bcc7fb75bafb2faa18d4,19.0053125
3fdb09320238e109ace6bd2e812aba71,19.008240740740742
4e03db56b8cad5be5bf59fdac60a5af1,19.028969907407408
274597e10df30ec79e7b8ea7666338a9,20.002743055555555
399ce372056a542fdd53e6d199f85589,20.005266203703705
4ca121137053b1ee41b7a6be318a6366,20.024780092592593
38f20af04c00f4349ac0d1966ceb8657,21.00079861111111
3ede43f8ddc72c69637bcceda35cedb6,21.00346064814815
40a5a196371eb3450f84eabfe93c60d0,21.00347222222222
33825ccb96c4cf3b08e17ab31b3c3fd4,21.007905092592594
2405cedb8f143fa107ef33dbec1231b5,21.039930555555557
491714c1d8ad9e4e0574c4987b63a2a8,21.80357638888889
364762dcfe5c7632bb91f2f2186a22f1,22.001527777777778
1a78b358ae2a2d638676ad90ef76203f,22.004814814814814
0230aaa200a6c33b10c198297beb8478,22.00866898148148
12e5d7b5bf806ab505f3e6e801d25919,22.00958333333333
0894a3826cb391f294318eabfc50be04,23.00141203703704
3e53d1d0c2d2e0b98d5af211d7fa08d0,23.001574074074075
21fcea51e735a6ca9fab7535e2f93832,23.00287037037037
25d31db83d1770a73dd9324c0f80d836,23.002962962962965
410fea71022afb1ee2f706b42dbffb18,23.00465277777778
43ac34e8dc0ad3f2d587f7449f7ee188,23.0165625
2ec0fac7e1bce3c003c568cda3e73db2,23.8015625
014f83e0deae3ac42041a126f1022974,24.001712962962962
1f645229e51d07ef0ee5c028842a880c,24.001840277777777
497a24918b595cde4bc41dbcedae8798,24.001944444444444
0588b52f2df79a1d8a5de80a572a06a1,24.002210648148147
312397c192fa1fd95929254d438ea70a,24.00607638888889
41629bc660717554fc6d57388da0e6be,24.006886574074073
015f38565a692a85e2824e94926a12ef,24.009479166666665
1a220a292104ae82c528dfac41a9cc29,24.010775462962965
2174b1cac37ff59863d49ab9026f4104,24.011099537037037
1d4c83a11e4071bf422aaf0b90f886ca,25.00230324074074
07c5029c6c9ab5734f55e85539c24790,25.002881944444443
11d58706814c10631552d477a23fc28d,25.005208333333332
102a8ffba698894f78141e7cf9ef54ed,25.0059375
3b0dac0d8061589ce0931ac5ded4111d,25.008703703703702
4b9dfe781a0e97995ee153ac8ff94e6b,25.00953703703704
42fd8c7197573b0bc8a605e273635d1a,25.01734953703704
04c356f5c28a5be4e1dea4065437393e,25.01789351851852
4bae414966324f389ad8dcf49701313f,25.02508101851852
22147f3772c141d38895b16bbc61b374,26.001018518518517
1580a0b6393fd7aafadfac175313e289,26.00141203703704
3a31a30ad7d30da6f98ce429e47445c5,26.00142361111111
44a0f9e741c25771481b186fcfd538b6,26.00164351851852
24d1088bea91153e8cc5891a29ec81a9,26.0021875
1426c516be1c148f0c61300585009a50,26.003287037037037
4d3f7dcbd294d32fe93e082bc076ea0d,26.003425925925924
32a947e1e87857262fabb667ee156d1b,26.00378472222222
43f4239207f08089fd3407d94b641c37,26.004016203703703
1ed155daa8cc4fc9cfa0154bfaf8c886,26.004178240740742
2c49cfcc66f9ad316c1011debf200eda,26.004479166666666
1bef5917eb3adc401e4df93e1f9340a5,26.005185185185184
27792006dceddbb291ce01f1c9690ebb,26.126550925925926
2057756339f07f6899cc65973532f96f,26.989178240740742
1dbd4b829de8b7a02db6dfb789a4bc97,27.002453703703704
3ef9efb31a8b83fb8af6db477ccd4d54,27.004212962962963
26b23ff8af16e658bb8791457e06f639,27.005092592592593
35f2b093ab291a256cc868b7dca50cd7,27.064675925925926
252ce108eaaabc37dbf995b8f10bc86c,27.196782407407408
1e762a15d7ef671e991af982abf80727,27.268726851851852
01842569c6942b80bce161f32bbfd53d,27.828587962962963
4b386f1836c8c36ddbc810ec7e73388f,28.00162037037037
2f7a2a2708397417332773725d2a07ba,28.001689814814814
3ac4676efe2fd2c2ee39d35fc528f2c4,28.00233796296296
092b14f16e4ba0c8afc8407d2056cec8,28.002442129629628
32ccf2e91e78212e505f4201e33583df,28.003275462962964
0d8da9666ef8de42203dad43ee5c6388,28.00435185185185
0f374fde22e14f199f41eb85df0e0820,28.00696759259259
2bac3174005f920ceb710d68021596d0,28.007372685185185
3f94e3f667647b1662c2adbb58c69a8d,28.008020833333333
1b6a5694832461f9dc3749716e5047fd,28.797534722222224
27948e0a3c4d1bc581e8e7138ae56f7f,28.900127314814814
20dc5d35f753b640a1113aecbd892ac8,29.002372685185186
3f27592fbe33dd77ff67b2494aa8cb9d,29.00261574074074
0dbf285e3044094e4d546bb6ce8fb181,29.003344907407406
4b01c9783e41c24921f80012978ed36d,29.006342592592592
1a1ffaf6d1444aad83637aba91a5554b,29.013599537037038
27f0f6f863600e43c17be49ff0d8b76b,29.872395833333332
1a10cc977479b2226a5358ff13f0687a,29.95193287037037
0b092b06694f39b64d9ab41817397cae,30.002939814814816
331a2c90e0dd8005b20a1f1d1dd779f5,30.003506944444446
3d11ca9cec54f5ddd58ba3e483fa4a3a,30.00671296296296
3a1d8731ae4d315bdc9be6832cff3d0c,30.015763888888888
38a309092afd9b6da40f95514d3795af,30.016898148148147
284746c1d3d16056bd0ac1f13dc90416,30.027835648148148
1409bd2aef5cc00bcb5167d30f6aaa67,31.001006944444445
207e9cd9fe854b71c7d88568f2a479d8,31.00162037037037
1ddf212bed2d888fe5ed5395c5dadb36,31.001666666666665
4a1601fe4bb414803815786fff5743d1,31.001851851851853
437a35a81363c605a2cb9554799f911b,31.004467592592594
4ab290eef0ff091c86270f72cd5df86f,31.005462962962962
062cbc5c605bd8cc1b50901da4e49ab2,31.00667824074074
12cad8f0d207e677e18df1177804f417,31.006805555555555
1ad06dc5ccdd8129ace2b65f7e0f3755,31.008773148148148
48a33ccfb5a851d5982dcdda0776f7ac,31.01269675925926
26ed8a71e7751c9f1c3565094cfc6289,32.00063657407407
156e8fd102c92e5a04aa948c4917b747,32.00118055555556
240ad598e0ec51d112efe8b11f54eb6b,32.002916666666664
2bf92eff7a83eafa91fb0cb6460bbd7f,32.00306712962963
0df55ae43f9a05203eb8f9356e014799,32.00388888888889
2f56444592114a705fc610dc456e377a,32.00596064814815
29b5cf4bcc8711a47d4ebcbe85c7d996,32.00675925925926
39ee224053de226dbfbe0ca7c7f65bb9,32.03021990740741
1d059d633fd0d96d19ee2849c058d664,32.11402777777778
43a10a6f38a7ab66c80d5995189773be,32.259733796296295
34d50aad0209c58a3938915d430eae89,32.26555555555556
3123719f28d2125cbf012dec9e5fcf14,32.421851851851855
18215f811c4a5b0400a14c9b82ad979d,32.69756944444445
38f1dd36ec6de594b74af2e517d76a53,33.00081018518519
0b43e2062db7744e4cd9c09a0244edd6,33.001782407407404
4d05b60096c72833c50bbb41d7904a17,33.00386574074074
440eeb91cb9533101b1c7773888b1b78,33.00398148148148
170752f8898bd7366e8be55577f989d2,33.0040625
235c4b261aa9fef704bff7150929139d,33.01863425925926
281b082002af18e8c7fc788bc459d794,33.02494212962963
0d02bb2571648071ed7e0be7e704ebef,34.001805555555556
4ab931919d2445eba99352d26f023144,34.00212962962963
1306bdc9a5713828a932af80cf959621,34.003229166666664
1a664791c657fe4109cefed667098c4b,34.003819444444446
2c67cc6d8effc3ed2a52e91add79c08a,34.00386574074074
25b1d2bb5f664d075b4ab3548e028876,35.000856481481485
40277f48110de00f7e01ea38dfbb8026,35.00127314814815
354d7dfadb2d56c2e828929cd4b7eb5a,35.00152777777778
0ebf7b6cf6e9f299726b0b2bea8c30f2,35.00170138888889
334bedaedc27c30e5514e10e4c8a5c7f,35.001782407407404
2b1e44a8620a124035059ada5fe6214c,35.001921296296295
18104d3eed788ca3ad2a9fd8aa2a53b0,35.00347222222222
04e2e1509ccf0a2bdaf1a965610037b1,35.00391203703704
48d7c381ede883bfd6dfeeb78a9f0e51,35.00398148148148
49191e059fd6899c6824a13d28538f10,35.005509259259256
27a3ba5a0f26c072d5c8cc060f071449,35.02569444444445
058fd32791e87b313be975cfd94ef7f7,35.87173611111111
24a46d3d64770ca6e39ef26d45046a22,36.000625
0b01c69d57925e395405e8cbf2bb638d,36.00083333333333
3119de49362907774856134d6980375a,36.00107638888889
128a03366af7351689069354e647895d,36.00144675925926
25eed71fdc1fe06b3844383a4da0cb0f,36.002615740740744
0ad95b803b227a85a297fde00866fa31,36.03857638888889
17f21a709599972f399bb7659dd05996,36.20990740740741
265998c3eaa0d8a3314d1753aea02147,36.84010416666667
38382b139748661f7998102d6fa36c59,37.00143518518519
17554b5f4766ed78b999010cc1c0119d,37.001539351851854
0cc48d0871978ff0238c9b7c437d7b4b,37.00201388888889
1279bfcdb5e7799cd2e1e51d6dbabe91,37.0024537037037
4ce5c089f29c4cb7ec42f02fe244bf43,37.00255787037037
178b6ee7f39bfb7e3a6150f2e0bc2683,37.00329861111111
280715ff699a974774a83380d39af25c,37.00630787037037
327005a3088cf52bf63c9aa95506a7dd,37.01462962962963
3d72226351b743f0e530625927c8fbbe,37.569143518518516
12ed7b7e84363bcfb31778d69276693b,37.985358796296296
4c9d1f42fbd03ac28a61181034466eba,38.000983796296296
162d34af4a436a52b5b54899c06cb04d,38.00163194444445
1180777060691d7c9eacb7b97f6c86e5,38.00253472222222
4abc682bf915eb0bf8226a51d2ba07d0,38.003310185185185
40f89844a323c08fc4c6c43c207a0fe7,39.00099537037037
2b7377caa9aa435894558bacb1eb3332,39.00170138888889
06181595fb8190647f6f6194dafddc34,39.00697916666667
1649d437531b551c061b25a2f2b98fd7,40.00241898148148
3c482b107ebcd79c4708efc6f494440e,40.002430555555556
309cdbc5340dd603d11e999ca061f387,40.006516203703704
4183b60237fb8f2854f3cc8a0e2566d1,40.099375
177e545194d330b2170b3cad48a0257f,41.00125
24778145cc073b9d4f2ae782f0d5db90,41.001724537037035
20dcbfd7aa3669baa830bde4c28bb1b9,41.00185185185185
2b17c31a3f666e0884e89c4c4966d5b3,41.00283564814815
1f3202ad62ccb9602198d3a4f6fff90d,41.00490740740741
4bad3acf74d4da3b7933425ff130832e,41.010243055555556
3ba0dddb36dccc5a3b9a05560976524f,41.01366898148148
0cf97f60d41f9541a845d32906633447,42.00175925925926
03129b37388dfb824491fb54aec77553,42.00181712962963
48c11b65fdf38b0eb8882f4b2d922a16,42.03875
265748fd94e69986726d33248c14cb41,42.17180555555556
116bcb6cea55b48cab680f040f3c6801,43.00159722222222
05c7dd78a740a557a3d8712fa28650a6,43.001736111111114
449d19487857f6838cd8ec87dff4e778,43.00396990740741
1f58f41c7f8ecec31e9d02665d717b5b,43.00420138888889
1ec2acc9a28ce091a5ba7789e863c1f6,43.01068287037037
2d3c4347deb90cf05290df80f0ee855e,44.00157407407407
127fba3ac06f26994937d9e13cae3753,44.00278935185185
1358a214520fbf428bb48ee189076ef6,44.056863425925926
3bd9f7fcd2c5fd2a4d3f4670343a1656,45.00150462962963
298f5a051571ef1fbc2cf4f45b436041,45.002303240740744
42a99d938566d4c2457f8adf4c892fc1,45.00253472222222
01f72f7e769498606ab1cc67d4869793,49.913159722222225
3adbb7c167367d71ef28398bb04ced02,55.98045138888889
0d2be3642dea6a1e57c536d270eac202,64.99015046296296
